Name; Price ;Stores;Rating;Votes;Type;Connection;Switches
A4Tech B3370R;34,49;0;4.0;1;Keyboard Only;USB;LK Optical Red / Blue
A4Tech B760;47,50;3;0.0;0;Keyboard Only;USB;LK Libra Orange
A4Tech Bloody & Sades Gaming set;156,07;0;1.0;2;Keyboard and Mouse Set;USB;LK Libra Brown
A4Tech Bloody B2278;29,90;2;4.2;5;Keyboard Only;USB;LK Optical Red / Blue
A4Tech Bloody B314;30,52;2;4.7;3;Keyboard Only;USB;LK Optical Red / Orange
A4Tech Bloody B820R;58,90;4;5.0;1;Keyboard Only;USB;LK Blue
A4Tech Bloody B860;59,90;5;5.0;1;Keyboard Only;Wireless;LK Blue
A4Tech Bloody B930 (LK Libra Brown);59,99;3;5.0;4;Keyboard Only;USB;LK Libra Brown
A4Tech Bloody B930 (LK Libra Orange);55,17;2;5.0;4;Keyboard Only;USB;LK Libra Orange
A4Tech Bloody B975 (LK Libra Brown);77,90;20;5.0;1;Keyboard Only;USB;LK Libra Brown
A4Tech Bloody B975 (LK Libra Orange);60,06;9;5.0;1;Keyboard Only;USB;LK Libra Orange
Acer Predator Aethon 500;169,00;0;0.0;0;Keyboard Only;USB;Kalih Blue
Adata XPG Summoner (Cherry MX Blue);93,69;0;5.0;1;Keyboard Only;USB;Cherry MX Blue
Adata XPG Summoner (Cherry MX Red);92,06;0;5.0;1;Keyboard Only;USB;Cherry MX Red
Armaggeddon MKA-17 ProGaming;79,40;12;4.0;3;Keyboard Only;USB / Wireless;Outemu Blue
Armaggeddon MKA-3C Psychfalcon;30,00;15;4.5;39;Keyboard Only;USB;Outemu Blue
Armaggeddon MKA-5R;35,00;5;4.8;5;Keyboard Only;USB;Outemu Blue
Armaggeddon MKA-7C Psychfalcon;64,50;4;3.8;4;Keyboard Only;USB;Outemu Blue
Armaggeddon MKA-9C Psychraptor (Kailh Brown);82,00;0;0.0;0;Keyboard Only;USB;Kailh Brown
Armaggeddon MKA-9C Psychraptor (Kaily Red);82,00;0;0.0;0;Keyboard Only;USB;Kailh Red
Armaggeddon MKO 13R Enterprise Black;63,00;12;5.0;1;Keyboard Only;USB;Outemu Blue
Armaggeddon MKO 13R Enterprise White;69,24;8;5.0;1;Keyboard Only;USB;Outemu Blue
Armaggeddon Psych Raven;37,80;14;3.0;1;Keyboard Only;USB;Outemu Blue
Armaggeddon RGB Raptor MKA-11R;46,60;11;4.9;7;Keyboard Only;USB;Outemu Blue
AS-808 E-SPORTS;50,00;2;0.0;0;Keyboard Only;USB;Outemu Red
Asus Cerberus Mech RGB;129,00;2;0.0;0;Keyboard Only;USB;Kalih Red
Asus ROG Claymore Core with Numpad;189,90;4;4.5;10;Keyboard Only;USB / Wireless;Cherry MX Brown
Asus Sagaris GK1100;96,60;4;5.0;2;Keyboard Only;USB;Cherry MX Red
Asus TUF Gaming K7;129,00;0;0.0;0;Keyboard Only;USB;TUF Lineal Switch
Aula F2058 (Black Switch);40,00;0;0.0;0;Keyboard Only;USB;Outemu Blue
Aula F2058 (Blue Switch);40,00;0;0.0;0;Keyboard Only;USB;Outemu Blue
Aula Mechanical Demon King;68,08;2;0.0;0;Keyboard Only;USB;KRGD Blue
Aula S2016 (Blue Switch) Silver;35,00;0;0.0;0;Keyboard Only;USB;Outemu Blue
Azio MGK1;99,00;0;0.0;0;Keyboard Only;USB;Kalih Blue
Azio Mk Mac Wired USB Backlit Mechanical Keyboard;149,00;0;3.0;1;Keyboard Only;USB;Kalih Brown
Azio Mk Retro;159,00;0;5.0;2;Keyboard Only;USB;Kalih Blue
Azio Retro Classic USB Artisan Black/Gold;289,00;0;0.0;0;Keyboard Only;USB;Kailh Blue
Azio Retro Classic USB Black;285,00;0;0.0;0;Keyboard Only;USB;AZIO Typelit Mechanical Switches
Azio Retro Classic USB Elwood;279,00;0;0.0;0;Keyboard Only;USB;AZIO Typelit Mechanical Switches
Azio Retro Classic USB White/Gold;285,00;0;0.0;0;Keyboard Only;USB;AZIO Typelit Mechanical Switches
Conceptum Black Dragon G901;64,90;4;4.9;41;Keyboard Only;USB;Outemu Blue
CoolerMaster CK350 (Outemu Blue);64,44;0;5.0;5;Keyboard Only;USB;Outemu Blue
CoolerMaster CK350 (Outemu Brown);56,49;3;5.0;5;Keyboard Only;USB;Outemu Brown
CoolerMaster CK350 (Outemu Red);67,22;3;5.0;5;Keyboard Only;USB;Outemu Red
CoolerMaster CK530 (Gateron Brown);85,54;3;5.0;3;Keyboard Only;USB;Gateron Brown
CoolerMaster CK530 (Gateron Red);79,79;4;5.0;3;Keyboard Only;USB;Gateron Red
CoolerMaster CK550 (Gateron Blue);90,37;0;4.5;23;Keyboard Only;USB;Gateron Blue
CoolerMaster CK550 (Gateron Brown);77,64;8;4.5;23;Keyboard Only;USB;Gateron Brown
CoolerMaster MasterKeys MK750;129,00;4;5.0;1;Keyboard Only;USB;Cherry MX Brown
CoolerMaster MasterKeys MK850;189,91;3;3.7;3;Keyboard Only;USB;Cherry MX Red
CoolerMaster MasterKeys Pro L RGB (Cherry MX Brown);159,80;1;4.4;5;Keyboard Only;USB;Cherry MX Brown
CoolerMaster MasterKeys Pro L RGB (Cherry MX Red);175,00;1;4.4;5;Keyboard Only;USB;Cherry MX Red
CoolerMaster MK730;123,00;7;5.0;6;Keyboard Only;USB;Cherry MX Brown
CoolerMaster SK621;218,36;0;5.0;2;Keyboard Only;USB;Cherry MX Red Low Profile
CoolerMaster SK630;124,91;4;0.0;0;Keyboard Only;USB;Cherry MX Red Low Profile
CoolerMaster SK650;144,89;4;5.0;1;Keyboard Only;USB;Cherry MX Red Low Profile
Corsair K63;99,99;2;5.0;3;Keyboard Only;USB;Cherry MX Red
Corsair K63 Wireless;169,00;2;5.0;4;Keyboard Only;USB / Wireless / Bluetooth;Cherry MX Red
Corsair K65 Lux RGB;187,00;0;5.0;7;Keyboard Only;USB;Cherry MX Red
Corsair K65 RGB Rapidfire;145,00;3;5.0;5;Keyboard Only;USB;Cherry MX Speed
Corsair K68;169,90;0;0.0;0;Keyboard Only;USB;Cherry MX Red
Corsair K68 RGB;109,90;25;4.4;18;Keyboard Only;USB;Cherry MX Red
Corsair K70 Lux (Cherry MX Brown);170,00;0;4.6;28;Keyboard Only;USB;Cherry MX Brown
Corsair K70 Lux (Cherry MX Red);175,00;0;4.6;28;Keyboard Only;USB;Cherry MX Red
Corsair K70 Lux RGB (Cherry MX Red);161,49;0;4.4;48;Keyboard Only;USB;Cherry MX Red
Corsair K70 RGB MK.2 (Cherry MX Brown);176,50;3;4.9;15;Keyboard Only;USB;Cherry MX Brown
Corsair K70 RGB MK.2 (Cherry MX Red);129,00;22;4.9;15;Keyboard Only;USB;Cherry MX Red
Corsair K70 RGB MK.2 Low Profile RAPIDFIRE (Cherry MX Speed);134,00;22;4.0;1;Keyboard Only;USB;Cherry MX Speed
Corsair K70 RGB MK.2 SE White (Cherry MX Speed);225,00;0;3.0;1;Keyboard Only;USB;Cherry MX Speed
Corsair K95 RGB Platinum Black (Cherry MX Brown);229,00;2;4.6;18;Keyboard Only;USB;Cherry MX Brown
Corsair K95 RGB Platinum Black (Cherry MX Speed);198,00;4;4.6;18;Keyboard Only;USB;Cherry MX Speed
Corsair K95 RGB Platinum Gunmetal (Cherry MX Brown);269,00;0;4.6;18;Keyboard Only;USB;Cherry MX Speed
Corsair K95 RGB Platinum XT;272,00;0;3.0;2;Keyboard Only;USB;Cherry MX Speed
Corsair Strafe RGB MK.2 Mechanical;159,00;3;4.0;2;Keyboard Only;USB;Cherry MX Silent Red
Cougar 700K;179,00;0;5.0;1;Keyboard Only;USB;Cherry MX Red
Cougar Attack X3 RGB;113,00;1;0.0;0;Keyboard Only;USB;Cherry MX Red
Cougar Puri TKL (Cherry MX White);80,90;1;5.0;1;Keyboard Only;USB;Cherry MX White
DAS Keyboard 4 Professional;166,80;0;5.0;1;Keyboard Only;USB;Cherry MX brown / Blue
DAS Keyboard 4 Professional for Mac;149,68;2;0.0;0;Keyboard Only;USB;Cherry MX brown
Das KeyBoard 4 Professional for Mac (Cherry MX Blue);149,68;2;0.0;0;Keyboard Only;USB;Cherry MX Blue
Das KeyBoard 4 Professional root;129,60;2;0.0;0;Keyboard Only;USB;Cherry MX brown / Blue
Das KeyBoard 4 Ultimate;153,39;3;0.0;0;Keyboard Only;USB;Cherry MX Brown
Das KeyBoard 4 Ultimate (Cherry MX Blue);165,00;3;5.0;1;Keyboard Only;USB;Cherry MX Blue
Das KeyBoard Wired Prime 13;142,85;2;0.0;0;Keyboard Only;USB;Cherry MX Brown
Das KeyBoard X50Q;138,78;0;0.0;0;Keyboard Only;USB;Gamma Zulu
Defender GK-170L;34,99;8;0.0;0;Keyboard Only;USB;Outemu Blue
Dell Alienware Advanced Gaming Keyboard AW568;65,00;2;4.0;2;Keyboard Only;USB;Kailh Blue
Dell Alienware AW510K Dark Side of the Moon;129,90;16;5.0;1;Keyboard Only;USB;Cherry MX Red Low Profile
Dell Alienware AW510K Lunar Light;134,37;14;0.0;0;Keyboard Only;USB;Cherry MX Red Low Profile
Dell Alienware Mechanical AW310K Dark side of the moon;79,00;19;5.0;1;Keyboard Only;USB;Cherry MX Red
Dell Alienware Pro Gaming Keyboard AW768;107,16;10;4.8;6;Keyboard Only;USB;Kailh Brown
Ducky One 2 Mini RGB (Cherry MX Silent Red);144,90;0;0.0;0;Keyboard Only;USB;Cherry MX Silent Red
Ducky One 2 RGB (Cherry MX Brown);159,90;2;0.0;0;Keyboard Only;USB;Cherry MX Brown
Ducky One 2 RGB TKL (Cherry MX Blue);169,90;0;0.0;0;Keyboard Only;USB;Cherry MX Blue
Ducky One 2 RGB TKL (Cherry MX Brown);169,00;2;0.0;0;Keyboard Only;USB;Cherry MX Brown
Ducky One 2 RGB TKL (Cherry MX Red);169,90;2;0.0;0;Keyboard Only;USB;Cherry MX Red
Ducky One 2 RGB TKL (Cherry MX Silver);169,90;0;0.0;0;Keyboard Only;USB;Cherry MX Silver
Ducky One 2 SF (Cherry MX Blue);149,90;0;0.0;0;Keyboard Only;USB;Cherry MX Blue
Ducky One 2 SF (Cherry MX Silent Red);149,90;0;0.0;0;Keyboard Only;USB;Cherry MX Silent Red
Esperanza Vortex;26,67;3;0.0;0;Keyboard Only;USB;Outemu Blue
FanTech MVP-861 Commander;68,20;0;0.0;0;Keyboard Only;USB;Outemu Blue
FanTech Pantheon MK871 Tournament Edition;64,00;2;5.0;2;Keyboard Only;USB;Kailh Blue
Gamdias Hermes E2;39,00;0;0.0;0;Keyboard Only;USB;Gamdias Blue
Gamdias Hermes P2;77,90;2;5.0;1;Keyboard Only;USB;Gamdias Optical Switch
Gamesir GK100;44,90;0;4.4;5;Keyboard Only;USB;TTC Blue
Gamesir VX AimSwitch;119,90;0;5.0;1;Keyboard Combo;Wireless / USB;TTC Blue
Gamesir VX2 AimSwitch (Custom Red);149,90;0;0.0;0;Keyboard Combo;Wireless / USB;TTC Blue
Geeklin Mechanical Gaming Keyboard;78,86;2;0.0;0;Keyboard Only;USB;Outemu Blue
Genesis Thor 200 RGB;33,21;9;4.0;7;Keyboard Only;USB;Outemu Blue
Genesis Thor 300 (Outemu Blue);47,00;1;2.5;2;Keyboard Only;USB;Outemu Blue
Genesis Thor 300 (Outemu Red);31,89;2;3.3;22;Keyboard Only;USB;Outemu Red
Genesis Thor 300 TKL (Outemu Blue);39,90;2;5.0;2;Keyboard Only;USB;Outemu Blue
Genesis Thor 300 TKL (Outemu Red);55,00;0;4.4;17;Keyboard Only;USB;Outemu Red
Genesis Thor 420 RGB (Custom Blue);52,23;1;0.0;0;Keyboard Only;USB;Kalih Blue
Gigabyte Force K81;49,90;0;0.0;0;Keyboard Only;USB;Kailh Red
Gigabyte Force K85;92,65;0;3.5;2;Keyboard Only;USB;Cherry MX Red
Glorious PC Gaming Race The GMMK TKL (Gateron Brown);129,99;0;0.0;0;Keyboard Only;USB;Gateron Brown
Havit HV-KB432L;55,00;6;0.0;0;Keyboard Only;USB;Outemu Blue
Havit HV-KB492L;45,00;6;0.0;0;Keyboard Only;USB;Outemu Blue
Havit KB435L;49,00;4;4.0;2;Keyboard Only;USB;Outemu Blue
Havit KB462L;65,00;5;0.0;0;Keyboard Only;USB;Outemu Blue
Havit KB473L;99,00;3;0.0;0;Keyboard Only;USB;Outemu Blue
Hori Tactical Assault Commander New Tac 4;99,64;10;4.5;2;Keypad;USB;Membrane
Hori Tactical Assault Commander Pro;179,95;0;3.8;5;Keypad;USB;Membrane
Hori Tactical Assault Commander Pro M2;126,81;5;5.0;1;Keypad;USB;Membrane
HP Encoder (Cherry MX Brown);123,00;7;0.0;0;Keyboard Only;USB;Cherry MX Brown
HP Encoder (Cherry MX Red);123,00;8;0.0;0;Keyboard Only;USB;Cherry MX Red
HP Omen 1100;69,90;17;5.0;1;Keyboard Only;USB;Cherry MX Red
HP Pavilion Gaming Keyboard 500;43,67;17;3.0;3;Keyboard Only;USB;Membrane
HP Pavilion Gaming Keyboard 800;66,35;10;0.0;0;Keyboard Only;USB;Membrane
HyperX Alloy Elite RGB (Cherry MX Blue);124,84;2;5.0;4;Keyboard Only;USB;Cherry MX Blue
HyperX Alloy Elite RGB (Cherry MX Red);127,90;4;4.8;6;Keyboard Only;USB;Cherry MX Red
HyperX Alloy FPS (Cherry MX Blue);89,90;0;4.6;25;Keyboard Only;USB;Cherry MX Blue
HyperX Alloy FPS (Cherry MX Red);100,61;0;4.6;25;Keyboard Only;USB;Cherry MX Red
HyperX Alloy FPS Pro (Cherry MX Blue);78,10;7;4.5;37;Keyboard Only;USB;Cherry MX Blue
HyperX Alloy FPS Pro (Cherry MX Red);75,00;12;4.5;37;Keyboard Only;USB;Cherry MX Red
HyperX Alloy FPS RGB;94,08;9;4.8;13;Keyboard Only;USB;Kailh Speed Silver
HyperX Alloy Origins;115,99;10;5.0;8;Keyboard Only;USB;HyperX Aqua
HyperX Alloy Origins (HyperX Red);109,00;6;5.0;8;Keyboard Only;USB;HyperX Red
HyperX Alloy Origins Core Mechanical Gaming Keyboard (HyperX Aqua);109,99;0;4.0;1;Keyboard Only;USB;HyperX Aqua
HyperX Alloy Origins TKL (HyperX Red);104,00;13;5.0;8;Keyboard Only;USB;HyperX Red
HyperX HyperX Alloy Elite 2 (HyperX Red);159,99;0;0.0;0;Keyboard Only;USB;HyperX Red
iMice MK-X80 (Custom Blue);54,43;6;0.0;0;Keyboard Only;USB;Outemu Blue
Lenovo Legion K500 RGB;115,90;4;0.0;0;Keyboard Only;USB;Outemu Red
Logitech G Pro;127,58;18;4.2;25;Keyboard Only;USB;GX Blue
Logitech G413 Black;72,90;22;4.6;74;Keyboard Only;USB;Romer-G Tactile
Logitech G413 Silver;68,99;28;4.6;74;Keyboard Only;USB;Romer-G Tactile
Logitech G512 (GX Brown);119,90;0;0.0;0;Keyboard Only;USB;GX Brown
Logitech G512 (GX Red);119,90;2;0.0;0;Keyboard Only;USB;GX Red
Logitech G512 Carbon (GX Blue);99,90;13;4.9;11;Keyboard Only;USB;GX Blue
Logitech G512 SE RGB;99,90;7;4.6;11;Keyboard Only;USB;GX Blue
Logitech G513 (GX Brown);181,00;0;0.0;0;Keyboard Only;USB;GX Brown
Logitech G513 Carbon (GX Blue);179,90;4;4.5;24;Keyboard Only;USB;GX Blue
Logitech G513 Carbon (Romer-G Linear);139,00;0;4.5;24;Keyboard Only;USB;Romer-G Linear
Logitech G513 Carbon (Romer-G Tactile);139,00;8;4.5;24;Keyboard Only;USB;Romer-G Tactile
Logitech G613;99,98;16;4.4;8;Keyboard Only;USB;Romer-G Tactile
Logitech G815 Lightsync RGB (GL Clicky);179,90;6;5.0;1;Keyboard Only;USB;GL Clicky
Logitech G815 Lightsync RGB (GL Linear);213,30;0;5.0;1;Keyboard Only;USB;GL Linear
Logitech G815 Lightsync RGB (GL Tactile);179,90;7;5.0;1;Keyboard Only;USB;GL Tactile
Logitech G910 Orion Spectrum;125,00;4;4.1;24;Keyboard Only;USB;Romer-G Tactile
Logitech G915 Lightspeed (GL Clicky);229,90;7;5.0;5;Keyboard Only;USB / Wireless;GL Clicky
Logitech G915 Lightspeed (GL Linear);260,00;2;5.0;5;Keyboard Only;USB / Wireless;GL Linear
Logitech G915 Lightspeed (GL Tactile);241,28;2;5.0;5;Keyboard Only;USB / Wireless;GL Tactile
Logitech G915 TKL (GL Clicky);229,00;0;0.0;0;Keyboard Only;USB / Wireless;GL Clicky
Logitech G915 TKL (GL Linear);229,00;0;0.0;0;Keyboard Only;USB / Wireless;GL Linear
Logitech G915 TKL (GL Tactile);229,00;0;0.0;0;Keyboard Only;USB / Wireless;GL Tactile
Marvo KG909;37,30;5;0.0;0;Keyboard Only;USB;Outemu Blue
Marvo KG914;35,50;0;0.0;0;Keyboard Only;USB;Outemu Blue
Marvo KG922;29,90;0;4.0;4;Keyboard Only;USB;Outemu Blue
Marvo KG959G;44,64;5;5.0;1;Keyboard Only;USB;Outemu Blue
Media-Tech Cobra Pro Inferno;55,00;26;0.0;0;Keyboard Only;USB;Cyan AX
Mobilis Keywin Ak47;26,90;2;0.0;0;Keyboard Only;USB;Outemu Blue
Modecom Volcano Hammer RGB (Outemu Red);23,00;4;0.0;0;Keyboard Only;USB;Outemu Red
Motospeed CK101 Black (Outemu Blue);39,00;8;4.0;22;Keyboard Only;USB;Outemu Blue
Motospeed CK101 Black (Outemu Red);39,00;7;4.0;22;Keyboard Only;USB;Outemu Red
Motospeed CK101 White (Outemu Blue);39,60;7;4.0;22;Keyboard Only;USB;Outemu Blue
Motospeed CK101 White (Outemu Red);40,00;6;4.0;22;Keyboard Only;USB;Outemu Red
Motospeed CK103 Black (Outemu Blue);41,70;9;4.8;45;Keyboard Only;USB;Outemu Blue
Motospeed CK103 Black (Outemu Red);39,49;12;4.8;45;Keyboard Only;USB;Outemu Red
Motospeed CK103 Side Laser (Outemu Blue);54,85;6;5.0;2;Keyboard Only;USB;Outemu Blue
Motospeed CK103 Side Laser (Outemu Red);52,04;6;5.0;2;Keyboard Only;USB;Outemu Red
Motospeed CK103 White (Outemu Blue);43,81;9;4.8;45;Keyboard Only;USB;Outemu Blue
Motospeed CK104 Orion Special Edition Red (Outemu Red);37,00;5;4.9;13;Keyboard Only;USB;Outemu Red
Motospeed CK104 Orion Special Edition RGB Silver (Outemu Blue);37,30;5;5.0;3;Keyboard Only;USB;Outemu Blue
Motospeed CK104 Orion Special Edition RGB Silver (Outemu Red);37,30;6;5.0;3;Keyboard Only;USB;Outemu Red
Motospeed CK108 (Outemu Black);36,70;19;4.6;172;Keyboard Only;USB;Outemu Black
Motospeed CK108 (Outemu Blue);39,98;22;4.6;172;Keyboard Only;USB;Outemu Blue
Motospeed CK108 (Outemu Red);38,77;15;4.6;172;Keyboard Only;USB;Outemu Red
Motospeed CK61 (Kailh Short);59,90;0;4.4;28;Keyboard Only;USB;Kailh Short
Motospeed CK61 (Outemu Blue);41,69;5;4.4;28;Keyboard Only;USB;Outemu Blue
Motospeed CK61 (Outemu Red);41,69;9;4.4;28;Keyboard Only;USB;Outemu Red
Motospeed CK62 RGB Black (Outemu Blue);44,38;15;4.4;27;Keyboard Only;USB / Bluetooth;Outemu Blue
Motospeed CK62 RGB Black (Outemu Red);50,37;8;4.4;27;Keyboard Only;USB / Bluetooth;Outemu Red
Motospeed CK62 RGB White (Outemu Blue);40,00;6;4.4;27;Keyboard Only;USB / Bluetooth;Outemu Blue
Motospeed CK62 RGB White (Outemu Red);46,00;0;4.4;27;Keyboard Only;USB / Bluetooth;Outemu Red
Motospeed CK666;42,19;10;3.8;18;Keyboard Only;USB;Outemu Blue
Motospeed CK700 Pink (Zeus Optical);54,64;2;0.0;0;Keyboard Only;USB;Zeus Optical
Motospeed CK80 (Custom Silver);58,90;0;5.0;2;Keyboard Only;USB;Kalih BOX Silver
Motospeed CK80 Black (Custom Gold);57,02;3;5.0;2;Keyboard Only;USB;Kalih BOX Gold
Motospeed CK80 Silver (Custom Gold);49,00;6;5.0;2;Keyboard Only;USB;Kalih BOX Gold
Motospeed CK80 Silver (Silver Switches);55,00;10;5.0;2;Keyboard Only;USB;Kalih BOX Silver
Motospeed CK87s White (Outemu Red);53,00;0;5.0;2;Keyboard Only;USB;Outemu Red
Motospeed CK88 (Outemu Black);58,30;6;4.0;1;Keyboard Only;USB;Outemu Black
Motospeed CK88 (Outemu Blue);58,70;5;4.0;1;Keyboard Only;USB;Outemu Blue
Motospeed CK88 (Outemu Red);79,47;0;4.0;1;Keyboard Only;USB;Outemu Red
Motospeed CK888 (Outemu Green);46,70;5;4.4;82;Keyboard Only;USB;Outemu Green
Motospeed CK888 (Outemu Red);47,99;4;4.4;82;Keyboard Only;USB;Outemu Red
Motospeed CK888 Silver (Outemu Blue);46,70;9;4.4;82;Keyboard Only;USB;Outemu Blue
Motospeed CK89 Black (Kaili Box White);61,52;7;5.0;2;Keyboard Only;USB;Kailh Box White
Motospeed CK89 Pink (Kaili Box White);70,24;2;5.0;2;Keyboard Only;USB;Kailh Box White
Motospeed CK94;59,26;9;3.0;1;Keyboard Only;USB;Kailh Short
Motospeed CK95;37,00;2;4.2;5;Keyboard Only;USB;Outemu Blue
Motospeed CK98;69,08;9;5.0;3;Keyboard Only;USB;Kailh Box White
Motospeed CK99 RGB (Cherry MX Red);75,34;9;5.0;1;Keyboard Only;USB;Cherry MX Red
Motospeed CK99 RGB (LK Libra Orange);55,33;5;5.0;1;Keyboard Only;USB;LK Libra Orange
Motospeed CK99 RGB (Outemu Blue);57,89;7;5.0;1;Keyboard Only;USB;Outemu Blue
Motospeed GK81 (Custom Blue);62,90;0;0.0;0;Keyboard Only;USB;Kalih Blue
Motospeed GK82 (Outemu Black);46,24;4;5.0;4;Keyboard Only;USB;Outemu Black
Motospeed GK82 (Outemu Brown);47,00;2;5.0;4;Keyboard Only;USB;Outemu Brown
Motospeed GK82 Pink (Outemu Blue);45,00;5;5.0;4;Keyboard Only;USB;Outemu Blue
Motospeed GK82 Pink (Outemu Red);45,00;5;5.0;4;Keyboard Only;USB;Outemu Red
Motospeed GK89 (Outemu Blue);53,61;3;4.0;1;Keyboard Only;USB;Outemu Blue
Motospeed GK89 Black (Outemu Black);45,00;6;4.0;1;Keyboard Only;USB;Outemu Black
Motospeed Inflictor CK104 RGB Red (Outemu Black);33,10;9;4.7;914;Keyboard Only;USB;Outemu Black
Motospeed Inflictor CK104 RGB Red (Outemu Blue);31,49;18;4.7;914;Keyboard Only;USB;Outemu Blue
Motospeed Inflictor CK104 RGB Red (Outemu Brown);35,89;7;4.7;914;Keyboard Only;USB;Outemu Brown
Motospeed Inflictor CK104 RGB Red (Outemu Red);31,71;13;4.7;914;Keyboard Only;USB;Outemu Red
Motospeed Inflictor CK104 RGB Silver (Outemu Black);35,02;12;4.7;914;Keyboard Only;USB;Outemu Black
Motospeed Inflictor CK104 RGB Silver (Outemu Blue);35,38;17;4.7;914;Keyboard Only;USB;Outemu Blue
Motospeed Inflictor CK104 RGB Silver (Outemu Brown);35,22;11;4.7;914;Keyboard Only;USB;Outemu Brown
Motospeed Inflictor CK104 Silver (Outemu Red);36,83;13;4.7;914;Keyboard Only;USB;Outemu Red
Motospeed Îš23;19,90;2;4.0;3;Keyboard Only;USB;Kailh Box White
Motospeed K22 (Outemu Blue);16,69;8;0.0;0;Keyboard Only;USB;Outemu Blue
Motospeed K24;19,00;0;5.0;1;Keyboard Only;USB;Outemu Blue
Motospeed K27 (Outemu Blue);20,64;3;4.7;7;Keyboard Only;USB;Outemu Blue
Motospeed K27 (Outemu Red);20,64;6;4.7;7;Keyboard Only;USB;Outemu Red
Motospeed K82 Black (Outemu Blue);38,30;14;4.8;12;Keyboard Only;USB;Outemu Blue
Motospeed K82 Black (Outemu Red);37,97;7;4.8;12;Keyboard Only;USB;Outemu Red
Motospeed K82 Pink (Outemu Blue);43,66;12;4.8;12;Keyboard Only;USB;Outemu Blue
Motospeed K82 Pink (Outemu Red);44,00;5;4.8;12;Keyboard Only;USB;Outemu Red
Motospeed K83 (Outemu Blue);33,52;11;3.7;29;Keyboard Only;USB;Outemu Blue
Motospeed K83 (Outemu Red);32,68;11;3.7;29;Keyboard Only;USB;Outemu Red
Motospeed K87S White (Kailh Blue);48,04;8;4.7;26;Keyboard Only;USB;Kailh Blue
Motospeed K87S White (Kailh Red);47,75;7;4.7;26;Keyboard Only;USB;Kailh Red
Motospeed K95 (Outemu Black);29,79;3;4.1;7;Keyboard Only;USB;Outemu Black
Motospeed K95 (Outemu Blue);29,79;11;4.1;7;Keyboard Only;USB;Outemu Blue
Motospeed K95 (Outemu Brown);29,79;2;4.1;7;Keyboard Only;USB;Outemu Brown
Motospeed K95 (Outemu Red);29,79;3;4.1;7;Keyboard Only;USB;Outemu Red
Motospeed K96 Black (Red Switches);42,82;8;4.4;24;Keyboard Only;USB;Gateron Red
Motospeed K96 Camo (Outemu Blue);49,02;13;4.4;24;Keyboard Only;USB;Outemu Blue
Motospeed K96 CamoGreen (Outemu Black);39,52;7;4.4;24;Keyboard Only;USB;Outemu Black
Motospeed K96 CamoOrange (Outemu Brown);42,18;6;4.4;24;Keyboard Only;USB;Outemu Brown
Motospeed K96 CamoOrange (Outemu Red);42,18;5;4.4;24;Keyboard Only;USB;Outemu Red
Motospeed K96 Grey (Zeus Optical);38,99;3;4.4;24;Keyboard Only;USB;Zeus Optical
Motospeed K96 White (Outemu Blue);39,90;0;4.4;24;Keyboard Only;USB;Outemu Blue
Motospeed K96 White (Outemu Red);50,83;0;4.4;24;Keyboard Only;USB;Outemu Red
MSI GK-701;119,00;2;5.0;2;Keyboard Only;USB;Cherry MX Brown
MSI Vigor GK50 Low Profile (Kailh Box White);92,00;2;0.0;0;Keyboard Only;USB;Kailh Box White
MSI Vigor GK60;77,99;3;0.0;0;Keyboard Only;USB;Cherry MX Red
Nacon CL-700OM;64,90;3;0.0;0;Keyboard Only;USB;Kailh Blue
Natec RX85;69,99;0;0.0;0;Keyboard Only;USB;Kailh Brown
Natec Tornado;34,68;2;5.0;4;Keyboard Only;USB;Outemu Blue
NOD Iron Strike;39,90;32;4.7;3;Keyboard Only;USB;Xinda Blue
Omega Varr Fighter 2;44,75;0;0.0;0;Keyboard Only;USB;Xinda Blue
Omega VARR Neon;64,90;2;0.0;0;Keyboard Only;USB;Jixian Blue
Omega Varr RGB VMK88B;39,90;0;0.0;0;Keyboard Only;USB;Xinda Blue
Omega Varr VMK3BK11;39,85;7;0.0;0;Keyboard Only;USB;Jixian Blue
Patriot Viper 730;54,50;5;4.4;16;Keyboard Only;USB;Kailh Brown
Patriot Viper 770;108,50;9;4.5;10;Keyboard Only;USB;Kailh Red
Patriot Viper V760;96,60;6;5.0;6;Keyboard Only;USB;Kailh Brown
Patriot Viper V765;90,57;3;0.0;0;Keyboard Only;USB;Kailh Box Red
Patriot Viper V765 (Kailh Box White);116,51;0;0.0;0;Keyboard Only;USB;Kailh Box White
Philips SPK8403;56,00;0;4.7;11;Keyboard Only;USB;Outemu Blue
Philips SPK8614;32,80;35;4.7;26;Keyboard Only;USB;Outemu Blue
Philips SPK8614-BRS;33,00;37;4.5;6;Keyboard Only;USB;Outemu Brown
QPAD MK95 Pro;199,00;0;0.0;0;Keyboard Only;USB;Kailh Red / Blue
Razer BlackWidow Chroma (Razer Green);103,50;20;4.6;46;Keyboard Only;USB;Razer Green
Razer Blackwidow Chroma Elite (Razer Green);134,47;35;4.7;69;Keyboard Only;USB;Razer Green
Razer Blackwidow Chroma Elite (Razer Yellow);148,10;22;4.7;69;Keyboard Only;USB;Razer Yellow
Razer Blackwidow Chroma Tournament Edition v2 (Yellow Switches);139,00;0;0.0;0;Keyboard Only;USB;Razer Yellow
Razer Blackwidow Lite;83,55;24;4.4;9;Keyboard Only;USB;Razer Orange
Razer Blackwidow Lite Stormtrooper Edition;94,68;2;5.0;1;Keyboard Only;USB;Razer Orange
Razer BlackWidow Ultimate 2016;179,90;0;4.5;81;Keyboard Only;USB;Razer Green
Razer Blackwidow Ultimate 2017;114,00;0;4.5;2;Keyboard Only;USB;Razer Green
Razer BlackWidow Ultimate Water Resistant;119,00;0;4.6;11;Keyboard Only;USB;Razer Green
Razer Huntsman Black;108,39;28;4.5;27;Keyboard Only;USB;Razer Clicky
Razer Huntsman Elite (Razer Clicky Optical);184,54;15;4.7;58;Keyboard Only;USB;Razer Clicky
Razer Huntsman Elite (Razer Linear Optical);192,85;21;4.7;58;Keyboard Only;USB;Razer Linear
Razer Huntsman Gears 5 Edition (Razer Clicky);119,00;0;0.0;0;Keyboard Only;USB;Razer Clicky
Razer Huntsman Mercury;219,99;0;4.5;27;Keyboard Only;USB;Razer Clicky
Razer Huntsman Mini (Razer Clicky);119,90;4;5.0;1;Keyboard Only;USB;Razer Clicky
Razer Huntsman Quartz Pink;163,90;13;4.5;27;Keyboard Only;USB;Razer Clicky
Razer Huntsman Tournament Edition;124,00;22;4.8;34;Keyboard Only;USB;Razer Linear
Razer Tartarus Pro Black;128,50;19;4.5;4;Keyboard Only;USB;Razer Analog Optical
Rebeltec Imperator;49,00;2;0.0;0;Keyboard Only;USB;Outemu Blue
Rebeltec Liberator;37,40;3;2.5;2;Keyboard Only;USB;Outemu Blue
Redragon Anala K558;55,00;0;5.0;2;Keyboard Only;USB;Outemu Blue
Redragon Aryaman K569;68,00;0;5.0;1;Keyboard Only;USB;Outemu Blue
Redragon Hara;60,00;0;0.0;0;Keyboard Only;USB;Outemu Blue
Redragon Indrah Black;99,00;0;0.0;0;Keyboard Only;USB;Outemu Blue
Redragon K505 RGB LED Backlit;28,00;3;5.0;1;Keyboard Only;USB;Pluger Switch
Redragon K553-RGB;59,99;0;0.0;0;Keyboard Only;USB;Outemu Blue
Redragon K556 RGB;54,01;0;5.0;2;Keyboard Only;USB;Outemu Brown
Redragon K565R Rudra;43,00;0;0.0;0;Keyboard Only;USB;Outemu Blue
Redragon K576-R;46,90;0;4.3;3;Keyboard Only;USB;Outemu Blue
Redragon Kala RGB LED;48,10;3;4.8;6;Keyboard Only;USB;Outemu Blue
Redragon Kama K578;48,99;0;0.0;0;Keyboard Only;USB;Outemu Brown
Redragon Manyu K579RGB;56,00;0;0.0;0;Keyboard Only;USB;Outemu Blue
Redragon Mitra K551;55,00;0;0.0;0;Keyboard Only;USB;Outemu Blue
Redragon Partryusa K570;56,33;0;0.0;0;Keyboard Only;USB;Outemu Blue
Redragon Rahu;69,00;0;0.0;0;Keyboard Only;USB;Outemu Blue
Redragon Vara RGB;55,00;0;5.0;1;Keyboard Only;USB;Outemu Blue
Redragon Vata K580;61,00;0;4.0;2;Keyboard Only;USB;Outemu Blue
Redragon Visnu R;38,00;0;4.5;2;Keyboard Only;USB;Outemu Red
Redragon Visnu RGB;48,50;2;5.0;4;Keyboard Only;USB;Outemu Blue
Redragon Yama;86,00;0;5.0;7;Keyboard Only;USB;Outemu Brown
Remax XII-J566;47,40;9;0.0;0;Keyboard Only;USB;Outemu Blue
Remax XII-J588;44,40;7;0.0;0;Keyboard Only;USB;Outemu Blue
Remax XII-J599;53,20;7;0.0;0;Keyboard Only;USB;Outemu Blue
Riotoro Ghostwriter Elite (Cherry MX Brown);150,00;0;0.0;0;Keyboard Only;USB;Cherry MX Brown
Riotoro Ghostwriter Prism;115,00;0;0.0;0;Keyboard Only;USB;Cherry MX Brown
Roccat Ryos MK Pro;189,60;0;4.0;5;Keyboard Only;USB;Cherry MX Brown
Roccat Ryos TKL Pro;159,20;0;5.0;1;Keyboard Only;USB;Cherry MX Brown
Roccat Suora FX;149,00;0;5.0;2;Keyboard Only;USB;TTC Brown
Roccat Vulcan 100 Aimo;179,00;2;5.0;1;Keyboard Only;USB;Titan Tactile
Roccat Vulcan 120 Aimo;219,00;0;5.0;3;Keyboard Only;USB;Titan Tactile
Roccat Vulcan 121 Aimo;187,90;4;5.0;1;Keyboard Only;USB;Titan Tactile
Roccat Vulcan 122 AIMO White;187,90;4;1.5;2;Keyboard Only;USB;Titan Tactile
Roccat Vulcan 80;155,00;0;4.0;1;Keyboard Only;USB;Titan Tactile
Sades BNDL-0004;183,47;3;0.0;0;Keyboard Only;USB;Outemu Blue
Sades Frost Staff;65,10;35;0.0;0;Keyboard Only;USB;LK Blue
Sades K13 Sickle (Kailh Blue);39,90;4;4.0;1;Keyboard Only;USB;Kailh Blue
Sades K13 Sickle (Kailh Red);54,73;38;4.0;1;Keyboard Only;USB;Kailh Red
Sandberg FireStorm Mech;70,70;2;0.0;0;Keyboard Only;USB;Outemu Blue
Sandberg Hailstorm Mech Keyboard Uk;81,58;5;5.0;1;Keyboard Only;USB;Outemu Blue
Sandberg RageStorm Mech;44,60;247;0.0;0;Keyboard Only;USB / Wireless;Outemu Blue
Savio Tempest RX Blue (Outemu Blue);28,38;2;0.0;0;Keyboard Only;USB;Outemu Blue
Savio Tempest RX Green (Outemu Brown);28,38;2;5.0;1;Keyboard Only;USB;Outemu Brown
Sharkoon PureWriter RGB (Kailh Blue);76,10;6;4.5;2;Keyboard Only;USB;Kailh Blue
Sharkoon PureWriter RGB (Kailh Red);79,12;4;4.5;2;Keyboard Only;USB;Kailh Red
Sharkoon PureWriter TKL RGB;77,98;3;5.0;1;Keyboard Only;USB;Kailh Blue
Sharkoon PureWriter TKL RGB (Kailh Red);69,99;2;5.0;1;Keyboard Only;USB;Kailh Red
Sharkoon Shark Zone MK80;83,01;2;0.0;0;Keyboard Only;USB;Kailh Red
Sharkoon Skiller Mech SGK3 (Kailh Blue);63,00;1;5.0;1;Keyboard Only;USB;Kailh Blue
Sharkoon Skiller Mech SGK3 (Kailh Brown);64,37;11;4.9;15;Keyboard Only;USB;Kailh Brown
Sharkoon Skiller Mech SGK3 (Kailh Red);63,87;13;4.9;15;Keyboard Only;USB;Kailh Red
SilentiumPC GK530 Tournament (Kailh Blue);51,00;0;0.0;0;Keyboard Only;USB;Kailh Blue
Spartan Gear Cyclops;34,98;11;4.4;13;Keyboard Only;USB;Outemu Blue
Spartan Gear Lochos (Xinda Blue);27,80;3;5.0;1;Keyboard Only;USB;Xinda Blue
Spartan Gear Minotaur;19,98;10;4.5;13;Keyboard Only;USB;Outemu Blue
SpeedLink Ultor Illuminated;92,70;3;5.0;1;Keyboard Only;USB;Kailh Red
Spirit of Gamer CLA-XK500;44,50;14;0.0;0;Keyboard Only;USB;Outemu Blue
Spirit of Gamer Single Hand;39,90;11;0.0;0;Keyboard Only;USB;Outemu Blue
Spirit of Gamer Xpert G700;69,50;3;5.0;2;Keyboard Only;USB;Outemu Blue
SteelSeries Apex 5;132,90;12;5.0;2;Keyboard Only;USB;SteelSeries Hybrid Mechanical
SteelSeries Apex 7;159,98;11;3.0;2;Keyboard Only;USB;SteelSeries Red
SteelSeries Apex 7 TKL (Steelseries Blue);189,00;0;4.0;1;Keyboard Only;USB;SteelSeries Blue
SteelSeries Apex 7 TKL (Steelseries Red);149,90;10;4.0;1;Keyboard Only;USB;SteelSeries Red
SteelSeries Apex M750;109,99;6;3.7;9;Keyboard Only;USB;SteelSeries QX2
SteelSeries Apex Pro;230,00;7;4.7;10;Keyboard Only;USB;SteelSeries OmniPoint
SteelSeries Apex Pro TKL;209,90;0;5.0;5;Keyboard Only;USB;SteelSeries OmniPoint
Thermaltake Challenger Edge Pro;57,80;0;0.0;0;Keyboard Only;USB;Outemu Blue
Thermaltake ESPORTS Challenger Edge RGB;57,50;0;0.0;0;Keyboard Only;USB;Outemu Blue
Thermaltake Level 20 RGB (Cherry MX Blue);124,25;1;0.0;0;Keyboard Only;USB;Cherry MX Blue
Thermaltake Level 20 RGB (Cherry MX Speed);126,79;2;0.0;0;Keyboard Only;USB;Cherry MX Speed
Thermaltake Meka Pro Lite;85,90;1;0.0;0;Keyboard Only;USB;Cherry MX Blue
Thermaltake Neptune PRO;70,92;2;0.0;0;Keyboard Only;USB;TTC Brown
Tronsmart TK09R RGB;69,01;0;4.0;1;Keyboard Only;USB;Outemu Blue
Trust GXT 845 Tural;40,00;0;4.3;3;Keyboard Only;USB;Outemu Blue
Trust GXT 850 Metal;39,90;0;4.7;3;Keyboard Only;USB;Outemu Red
Trust GXT 865 Asta;49,69;13;5.0;3;Keyboard Only;USB;GTX Red
Trust GXT 870;59,98;2;4.0;5;Keyboard Only;USB;GTX White
Trust GXT 890;67,00;3;4.0;21;Keyboard Only;USB;Outemu Red
Turbo-X Nemesis N60 (Custom Blue);49,90;0;0.0;0;Keyboard Only;USB;Outemu Blue
White Shark Legionnaire (Outemu Blue);47,99;0;0.0;0;Keyboard Only;USB;Outemu Blue
Xtrike Me GK-979 (Custom Blue);23,29;3;4.5;2;Keyboard Only;USB;Outemu Blue
Xtrike Me GK-980;24,80;2;5.0;2;Keyboard Only;USB;Outemu Blue
Zalman ZM-K700M;113,90;1;0.0;0;Keyboard Only;USB;Cherry MX Red
Zalman ZM-K900M;93,90;1;5.0;1;Keyboard Only;USB;Kailh Blue
Zeroground KB-2400G Taigen v2.0;43,80;69;4.4;38;Keyboard Only;USB;Outemu Blue
Zeroground KB-2600G Simeto;29,99;54;4.3;22;Keyboard Only;USB;Outemu Blue
Zeroground KB-2700G Sakimo;43,99;64;4.6;8;Keyboard Only;USB;Outemu Blue
Zeroground KB-2800G Satomi;53,99;59;4.6;27;Keyboard Only;USB;Outemu Red
Zeroground Taigen KB-2000G;71,99;2;4.2;10;Keyboard Only;USB;Outemu Blue
Esperanza EK-129;2,77;9;0.0;0;Keyboard Only;USB;Membrane
A4Tech B120;33,90;1;5.0;2;Keyboard Only;USB;Membrane
A4Tech B130;23,50;3;0.0;0;Keyboard Only;USB;Membrane
A4Tech B180 RGB;31,50;2;0.0;0;Keyboard Only;USB;Membrane
A4Tech B500N;24,50;35;5.0;1;Keyboard Only;USB;Membrane
A4Tech Bloody B120N;22,90;37;5.0;1;Keyboard Only;USB;Membrane
A4Tech Bloody B2500;45,40;36;3.0;1;Keyboard Only;Wireless;Membrane
A4Tech ComfortKey Desktop Black;10,50;2;0.0;0;Keyboard and Mouse Set;USB;Membrane
A4Tech F1010;14,00;32;0.0;0;Keyboard and Mouse Set;USB;Membrane
A4Tech FG1010;19,00;32;0.0;0;Keyboard and Mouse Set;USB;Membrane
A4Tech KR-750;10,91;0;0.0;0;Keyboard Only;USB;Membrane
A4Tech KR-83;11,06;0;0.0;0;Keyboard Only;USB;Membrane
A4Tech KRS-8372;14,26;0;3.0;1;Keyboard and Mouse Set;USB;Membrane
A4Tech KV-300H;22,41;2;0.0;0;Keyboard Only;USB;Membrane
A4Tech Wireless Desktop Padless 7100n;21,38;2;0.0;0;Keyboard and Mouse Set;USB;Membrane
A4Tech X7 G100;17,00;0;0.0;0;Keypad;USB;Membrane
Acer Nitro;45,00;0;0.0;0;Keyboard Only;USB;Membrane
Active Jet K-6002;26,23;0;0.0;0;Keyboard Only;USB;Membrane
Active Jet K-6002;26,23;0;0.0;0;Keyboard Only;USB;Membrane
Advent ADESKWL19K;17,99;0;0.0;0;Keyboard and Mouse Set;USB;Membrane
Advent C112K;11,99;0;0.0;0;Keyboard and Mouse Set;USB;Membrane
ADX ADXA0419;39,90;0;5.0;1;Keyboard Only;USB;Membrane
ADX ADXCOM19;39,99;0;0.0;0;Keyboard and Mouse Set;USB;Membrane
ADX Firefight ADXOK0119;44,90;0;5.0;1;Keyboard Only;USB;Membrane
ADX Firepower A01;24,90;0;5.0;4;Keyboard Only;USB;Membrane
Aerocool TK15;12,34;2;0.0;0;Keyboard Only;USB;Membrane
Alcatroz Airpad 1 Black;21,40;7;2.0;1;Keyboard with Touchpad;USB;Membrane
Alcatroz Airpad 1 White;21,07;10;2.0;1;Keyboard with Touchpad;USB;Membrane
Alcatroz Jellybean A2000 Mint;18,20;5;0.0;0;Keyboard and Mouse Set;USB;Membrane
Alcatroz Jellybean U2000 Black/Red;11,04;7;4.0;1;Keyboard and Mouse Set;USB;Membrane
Alcatroz Jellybean U2000 Peach;11,04;8;4.0;1;Keyboard and Mouse Set;USB;Membrane
Alcatroz Jellybean U2000 White;11,04;9;4.0;1;Keyboard and Mouse Set;USB;Membrane
Alcatroz Jellybean U2000 White/Mint;11,04;7;4.0;1;Keyboard and Mouse Set;USB;Membrane
Alcatroz U2000 Black;11,04;8;4.0;1;Keyboard and Mouse Set;USB;Membrane
Alcatroz Xplorer Dock 2 BT Green;34,60;5;4.9;7;Keyboard with Touchpad;Bluetooth / Dock;Membrane
Alcatroz Xplorer Dock 2 BT White;34,67;4;4.9;7;Keyboard with Touchpad;Bluetooth / Dock;Membrane
Alcatroz Xplorer Go BT100;13,98;5;0.0;0;Keyboard Only;Bluetooth;Membrane
Alcatroz Xplorer Go BT100 Black;13,70;5;0.0;0;Keyboard Only;Bluetooth;Membrane
Andowl Q-803;23,99;6;0.0;0;Keyboard Only;USB;Membrane
Andowl Q-811;14,30;0;0.0;0;Keyboard Only;USB;Membrane
Andowl QY-K01 White;14,90;0;0.0;0;Keyboard Only;USB;Membrane
Andowl QY-K08;16,90;3;0.0;0;Keyboard Only;Bluetooth;Membrane
Andowl QY-K09;22,90;0;0.0;0;Keyboard Only;USB;Membrane
ANG R4;29,99;2;0.0;0;Keyboard Only;Bluetooth;Membrane
Apple Magic Keyboard;104,87;13;4.4;19;Keyboard Only;Bluetooth;Membrane
Apple Magic Keyboard with Numeric Keypad Black;162,90;9;4.6;7;Keyboard Only;Bluetooth;Membrane
Apple Magic Keyboard with Numeric Keypad White;135,95;18;4.6;7;Keyboard Only;Bluetooth;Membrane
Approx Appblizzard;22,51;2;3.0;2;Keyboard Only;USB;Membrane
Approx Blizzard;26,60;0;0.0;0;Keyboard Only;USB;Membrane
Approx Bolt;16,00;2;0.0;0;Keyboard Only;USB;Membrane
Approx KBTV02;31,90;3;3.0;2;Keyboard with Touchpad;USB;Membrane
Approx KBWS04BG;27,90;0;0.0;0;Keyboard and Mouse Set;USB;Membrane
Approx KBWSAKIT;27,90;0;3.0;1;Keyboard and Mouse Set;USB;Membrane
Approx Quasar;29,00;0;1.0;1;Keyboard Only;USB;Membrane
Armaggeddon AK-566i;35,00;2;4.4;5;Keyboard Only;USB;Membrane
Armaggeddon AK-666SFX;17,50;10;4.0;2;Keyboard Only;USB;Membrane
Armaggeddon AK-700;35,00;0;0.0;0;Keyboard Only;USB;Membrane
Armaggeddon AK-999 SFX;18,90;12;4.5;2;Keyboard Only;USB;Membrane
Armaggeddon MKA-2C Psychraven;25,70;13;5.0;2;Keyboard Only;USB;Membrane
Asus Cerberus MK II;39,99;0;5.0;1;Keyboard Only;USB;Membrane
Asus ROG Strix Flare;169,90;0;5.0;7;Keyboard Only;USB;Membrane
Asus ROG Strix Scope;182,29;0;0.0;0;Keyboard Only;USB;Membrane
Asus TUF Gaming Combo;132,59;0;5.0;1;Keyboard and Mouse Set;USB;Membrane
Aula Be Fire;23,50;0;4.0;2;Keyboard Only;USB;Membrane
Aula Gaming Combo Set;50,37;8;0.0;0;Keyboard and Mouse Set;USB;Membrane
Aula Moon Slasher;20,39;3;0.0;0;Keyboard Only;USB;Membrane
Canyon Argama Gaming Set;72,80;7;5.0;1;Keyboard and Mouse Set;USB;Membrane
Canyon Hazard;39,99;5;0.0;0;Keyboard Only;USB;Membrane
Canyon Nightfall Black-Gray;51,99;5;0.0;0;Keyboard Only;USB;Membrane
Canyon Nightflyer Gaming Set;65,00;6;0.0;0;Keyboard and Mouse Set;USB;Membrane
CoolerMaster Devastator 3 Plus;49,90;0;0.0;0;Keyboard Only;USB;Membrane
CoolerMaster Devastator 3 Plus;49,90;0;0.0;0;Keyboard Only;USB;Membrane
CoolerMaster Devastator III RGB;33,99;7;4.2;50;Keyboard Only;USB;Membrane
CoolerMaster MasterSet MS120 RGB;66,75;0;4.0;7;Keyboard Only;USB;Membrane
CoolerMaster MasterSet MS120 RGB;66,75;0;4.0;7;Keyboard and Mouse Set;USB;Membrane
CoolerMaster MK110;43,29;6;5.0;5;Keyboard Only;USB;Membrane
CoolerMaster MS110;48,91;5;3.9;17;Keyboard Only;USB;Membrane
CoolerMaster Suppressor;39,80;1;4.3;24;Keyboard Only;USB;Membrane
Corsair 3-in-1 Gaming Bundle;97,50;3;3.0;2;Keyboard Combo;USB;Membrane
Corsair K55 RGB;56,05;21;4.6;64;Keyboard Only;USB;Membrane
Corsair K57 RGB;169,90;0;5.0;1;Keyboard Only;USB;Membrane
Cougar Aurora;38,00;1;5.0;1;Keyboard Only;USB;Membrane
Cougar Deathfire EX;50,00;2;4.8;5;Keyboard Only;USB;Membrane
Cougar Vantar;55,00;0;4.8;5;Keyboard Only;USB;Membrane
Defender GK-150DL;26,27;8;0.0;0;Keyboard Only;USB;Membrane
Defender Killing Storm Combo MKP-013L;34,75;7;0.0;0;Keyboard Only;USB;Membrane
Defender SM-950;13,90;0;0.0;0;Keyboard Only;USB;Membrane
Defender Xenda Combo MKP-008;25,15;9;0.0;0;Keyboard Only;USB;Membrane
Dell KB212-B;15,00;0;5.0;2;Keyboard Only;USB;Membrane
Dell KB216 Black;10,00;34;4.6;80;Keyboard Only;USB;Membrane
Dell KB216 Grey;10,87;2;4.6;80;Keyboard Only;USB;Membrane
Dell KB216 White;12,90;0;4.6;80;Keyboard Only;USB;Membrane
Dell KB-522;17,35;15;4.7;37;Keyboard Only;USB;Membrane
Dell Keyboard for Venue 8 Pro;79,00;0;0.0;0;Keyboard Only;Bluetooth;Membrane
Dell KM636 Black;24,75;30;3.7;19;Keyboard and Mouse Set;USB;Membrane
Dell KM636 White;29,90;17;3.7;19;Keyboard and Mouse Set;USB;Membrane
Dell KM7120W;72,73;10;4.0;1;Keyboard and Mouse Set;Bluetooth;Membrane
Dell KM714;55,00;2;4.1;7;Keyboard and Mouse Set;USB;Membrane
Dell KM717 Premier;81,34;14;4.6;20;Keyboard and Mouse Set;USB;Membrane
Element KB-260WMS;19,50;4;0.0;0;Keyboard and Mouse Set;USB;Membrane
Element KB-260WMS v2;12,90;12;4.1;9;Keyboard and Mouse Set;USB;Membrane
Element KB-580WMS;21,75;0;0.0;0;Keyboard and Mouse Set;USB;Membrane
Element KB-590WMS Green;16,90;2;0.0;0;Keyboard and Mouse Set;USB;Membrane
Element KB-590WMS Red;19,90;4;0.0;0;Keyboard and Mouse Set;USB;Membrane
Element KB-600;25,00;0;1.0;3;Keyboard and Mouse Set;USB;Membrane
Element KB-700W;31,50;3;3.7;3;Keyboard with Touchpad;USB;Membrane
Element KB-800W;19,50;28;2.3;3;Keyboard Only;USB;Membrane
Energenie Bamboo;28,50;1;0.0;0;Keyboard and Mouse Set;USB;Membrane
Esperanza Aspen Wireless Set EK120;18,20;7;3.7;3;Keyboard and Mouse Set;USB;Membrane
Esperanza EK115;15,07;1;0.0;0;Keyboard Only;USB;Membrane
Esperanza EK122 White;17,99;5;4.0;1;Keyboard and Mouse Set;USB;Membrane
Esperanza EK122K;18,69;5;4.0;1;Keyboard and Mouse Set;USB;Membrane
Esperanza EK130 White;11,50;0;0.0;0;Keyboard Only;USB;Membrane
Esperanza Titanum Orlando TK104;21,80;0;0.0;0;Keyboard and Mouse Set;USB;Membrane
Ezra AM01;10,90;0;0.0;0;Keyboard Only;USB;Membrane
FanTech WK-890;19,00;0;0.0;0;Keyboard and Mouse Set;USB;Membrane
G-Cube Black & White Endless Note X-Key;17,30;1;0.0;0;Keyboard Only;USB;Membrane
G-Cube Lux Leopard;14,90;27;0.0;0;Keyboard and Mouse Set;USB;Membrane
G-Cube Mad for Plaid Pink;28,50;1;5.0;1;Keyboard and Mouse Set;USB;Membrane
G-Cube Mad For Plaid Red;17,70;1;5.0;1;Keyboard and Mouse Set;USB;Membrane
Gembird KB-9835LU;17,00;1;0.0;0;Keyboard Only;USB;Membrane
Gembird KB-BT-001 Black;25,00;0;2.7;3;Keyboard Only;Bluetooth;Membrane
Gembird KB-BT-001 White;19,90;2;2.7;3;Keyboard Only;Bluetooth;Membrane
Gembird KBS-W-01;16,90;2;0.0;0;Keyboard and Mouse Set;USB;Membrane
Gembird KBS-WCH-01;12,56;10;3.5;10;Keyboard and Mouse Set;USB;Membrane
Gembird KBS-WM-03;18,90;0;0.0;0;Keyboard and Mouse Set;USB;Membrane
Genius KB-110X;11,00;0;0.0;0;Keyboard Only;USB;Membrane
Genius NumPad i120;12,60;0;0.0;0;Keyboard Only;USB;Membrane
Gigabyte Force K3;35,00;0;0.0;0;Keyboard Only;USB;Membrane
Gigabyte K6800;14,99;0;0.0;0;Keyboard Only;USB;Membrane
Gigabyte K7100;14,50;0;0.0;0;Keyboard Only;USB;Membrane
HAMA Cortino;13,27;3;5.0;1;Keyboard and Mouse Set;USB;Membrane
HAMA Cortino Wireless;24,90;0;5.0;1;Keyboard and Mouse Set;USB;Membrane
HAMA SK140;11,30;1;0.0;0;Keyboard Only;USB;Membrane
HAMA Uzzano 2.0 Smart-TV Keyboard;39,90;0;1.5;2;Keyboard Only;USB;Membrane
Havit G21;19,90;0;4.0;1;Keyboard and Mouse Set;USB;Membrane
Havit HV-K528;16,00;0;0.0;0;Keyboard and Mouse Set;USB;Membrane
Havit KB-44401;12,00;2;4.0;1;Keyboard Only;USB;Membrane
Havit Mini K-1000;12,90;0;3.0;1;Keyboard Only;USB;Membrane
Havit XL-KB006;17,99;7;5.0;1;Keyboard with Touchpad;USB;Membrane
HP C2500 Desktop;16,05;8;0.0;0;Keyboard and Mouse Set;USB;Membrane
HP C2710 Combo White;28,90;10;3.0;1;Keyboard and Mouse Set;USB;Membrane
HP Classic Wired Keyboard;10,90;4;4.3;3;Keyboard Only;USB;Membrane
HP K2500;19,70;14;4.2;6;Keyboard Only;USB;Membrane
HP Pavilion 300;22,05;17;3.5;4;Keyboard Only;USB;Membrane
HP Pavilion 400;26,37;13;5.0;1;Keyboard and Mouse Set;USB;Membrane
HP Pavilion 600 Black;32,90;10;4.0;15;Keyboard Only;USB;Membrane
HP Pavilion 600 White;32,59;12;4.0;15;Keyboard Only;USB;Membrane
HP Pavilion Wireless Keyboard and Mouse 800 Black;44,90;9;5.0;10;Keyboard and Mouse Set;USB / Wireless;Membrane
HP Pavilion Wireless Keyboard and Mouse 800 White;44,90;12;5.0;10;Keyboard and Mouse Set;USB / Wireless;Membrane
HP Premium;67,80;0;5.0;1;Keyboard Only;USB / Wireless;Membrane
HP Slim USB Keyboard and Mouse;24,50;9;0.0;0;Keyboard and Mouse Set;USB;Membrane
HP Slim Wireless Keyboard and Mouse;39,51;4;5.0;1;Keyboard and Mouse Set;USB / Wireless;Membrane
HP USB Keyboard QY776AA;19,90;2;3.0;1;Keyboard Only;USB / Wireless;Membrane
HP USB Slim Business Keyboard;20,68;9;3.0;1;Keyboard Only;USB;Membrane
HP Wireless Classic Desktop;36,00;0;3.0;3;Keyboard and Mouse Set;USB / Wireless;Membrane
HP Wireless Collaboration Keyboard;63,00;3;0.0;0;Keyboard Only;USB / Wireless;Membrane
HP Wireless Keyboard and Mouse 300;25,20;20;1.0;1;Keyboard and Mouse Set;USB / Wireless;Membrane
HP Wireless Premium;77,80;0;0.0;0;Keyboard Only;USB / Wireless;Membrane
HP Wireless Slim Business Keyboard;57,00;0;0.0;0;Keyboard and Mouse Set;USB / Wireless;Membrane
i8 Backlit;10,86;11;0.0;0;Keyboard with Touchpad;USB;Membrane
iMove i1 Mini;25,01;0;0.0;0;Keyboard Only;USB;Membrane
iMove i1 Mini;25,01;0;0.0;0;Keyboard Only;USB;Membrane
Kanex Multi-Sync Bluetooth Keyboard for PC/Android;39,99;0;0.0;0;Keyboard Only;Bluetooth;Membrane
Kanex MultiSync for Mac & iOS Gray;89,00;0;0.0;0;Keyboard Only;USB;Membrane
KB560;31,87;11;0.0;0;Keyboard Only;Bluetooth;Membrane
KB-WL-MICRO Wireless Keyboard;11,00;3;3.3;3;Keyboard with Touchpad;USB;Membrane
Keyboard / TouchPad (CVNP-A250W);15,98;0;0.0;0;Keyboard with Touchpad;USB;Membrane
KeySonic ACK-3401U;26,68;4;0.0;0;Keyboard Only;USB;Membrane
KeySonic ACK-595C+;36,00;0;5.0;1;Keyboard Only;USB;Membrane
KeySonic KSK-3023;49,80;0;0.0;0;Keyboard Only;Bluetooth;Membrane
KeySonic KSK-5230;72,00;2;0.0;0;Keyboard with Touchpad;USB;Membrane
KeySonic KSK-8030IN;65,80;2;0.0;0;Keyboard Only;USB;Membrane
Keywin GK300;12,03;0;0.0;0;Keyboard and Mouse Set;USB;Membrane
Keywin RL-GK03 Black;10,78;247;3.3;3;Keyboard and Mouse Set;Bluetooth;Membrane
Keywin RL-GK06;10,78;3;0.0;0;Keyboard and Mouse Set;USB;Membrane
Kit KBXLBKKT;29,90;0;0.0;0;Keyboard Only;Bluetooth;Membrane
Konig CSK MCU 100;14,95;0;0.0;0;Keyboard and Mouse Set;USB;Membrane
Lamtech LAM020854;14,40;11;3.3;4;Keyboard and Mouse Set;USB;Membrane
Lamtech LAM021288;13,27;9;1.0;1;Keyboard Only;Bluetooth;Membrane
Lamtech LAM081703;15,88;5;0.0;0;Keyboard with Touchpad;USB;Membrane
Lamtech LAM622185;12,99;13;4.0;1;Keyboard and Mouse Set;USB;Membrane
Lamtech LAM622185;12,99;13;4.0;1;Keyboard and Mouse Set;USB;Membrane
Lenovo 510;44,90;2;0.0;0;Keyboard and Mouse Set;USB;Membrane
Lenovo 510;44,90;2;0.0;0;Keyboard and Mouse Set;USB;Membrane
Lenovo Multi-OS Keyboard W500;84,90;0;0.0;0;Keyboard Only;Bluetooth;Membrane
Lenovo Multi-OS Keyboard W500;84,90;0;0.0;0;Keyboard Only;Bluetooth;Membrane
Lenovo Preferred Pro II;30,79;11;4.0;1;Keyboard Only;USB;Membrane
Lenovo Preferred Pro II;30,79;11;4.0;1;Keyboard Only;USB;Membrane
Lenovo Professional Ultraslim Wireless;84,00;0;0.0;0;Keyboard and Mouse Set;USB / Wireless;Membrane
Lenovo Professional Ultraslim Wireless;84,00;0;0.0;0;Keyboard and Mouse Set;USB / Wireless;Membrane
Lenovo Professional Wireless Keyboard;35,10;12;0.0;0;Keyboard Only;USB / Wireless;Membrane
Lenovo Professional Wireless Keyboard;35,10;12;0.0;0;Keyboard Only;USB / Wireless;Membrane
Lenovo Professional Wireless Keyboard and Mouse Combo;52,80;12;3.0;1;Keyboard and Mouse Set;USB / Wireless;Membrane
Lenovo Professional Wireless Keyboard and Mouse Combo;52,80;12;3.0;1;Keyboard and Mouse Set;USB / Wireless;Membrane
Lenovo Wireless Keyboard and Mouse Combo;47,50;3;4.3;4;Keyboard and Mouse Set;USB / Wireless;Membrane
Lenovo Wireless Keyboard and Mouse Combo;47,50;3;4.3;4;Keyboard and Mouse Set;USB / Wireless;Membrane
LMP KB-1243 Grey;94,90;0;0.0;0;Keyboard Only;USB;Membrane
LMP KB-1243 White;78,00;2;0.0;0;Keyboard Only;USB;Membrane
Logickeyboard Adobe Filmmaker Astra for Mac;144,00;0;0.0;0;Keyboard Only;USB;Membrane
Logickeyboard Adobe Filmmaker Astra for Mac;144,00;0;0.0;0;Keyboard Only;USB;Membrane
Logickeyboard Adobe Photographer Astra for Mac;144,00;0;0.0;0;Keyboard Only;USB;Membrane
Logickeyboard Adobe Photographer Astra for Mac;144,00;0;0.0;0;Keyboard Only;USB;Membrane
Logickeyboard Adobe Photographer PC ASTRA Backlit Keyboard;144,00;0;0.0;0;Keyboard Only;USB;Membrane
Logickeyboard Adobe Photographer PC ASTRA Backlit Keyboard;144,00;0;0.0;0;Keyboard Only;USB;Membrane
Logickeyboard Avid Media Composer;142,00;0;4.0;1;Keyboard Only;USB;Membrane
Logickeyboard Avid Media Composer;142,00;0;4.0;1;Keyboard Only;USB;Membrane
Logickeyboard Avid Media Composer Advance;142,00;0;0.0;0;Keyboard Only;USB;Membrane
Logickeyboard Avid Media Composer Advance;142,00;0;0.0;0;Keyboard Only;USB;Membrane
Logickeyboard Avid Media Composer PC Backlit Astra Keyboard;142,00;0;0.0;0;Keyboard Only;USB;Membrane
Logickeyboard Avid Media Composer PC Backlit Astra Keyboard;142,00;0;0.0;0;Keyboard Only;USB;Membrane
Logickeyboard Avid Media Composer Slim;142,00;0;0.0;0;Keyboard Only;USB;Membrane
Logickeyboard Avid Media Composer Slim;142,00;0;0.0;0;Keyboard Only;USB;Membrane
Logickeyboard Avid Pro Tools FRZ;131,00;0;0.0;0;Keyboard Only;USB;Membrane
Logickeyboard Avid Pro Tools FRZ;131,00;0;0.0;0;Keyboard Only;USB;Membrane
Logickeyboard Blackmagic Design DaVinci Resolve 16 Astra;144,00;0;0.0;0;Keyboard Only;USB;Membrane
Logickeyboard Blackmagic Design DaVinci Resolve 16 Astra;144,00;0;0.0;0;Keyboard Only;USB;Membrane
Logickeyboard Bmd Davinci Resolve - Astra Mac;144,00;0;0.0;0;Keyboard Only;USB;Membrane
Logickeyboard Bmd Davinci Resolve - Astra Mac;144,00;0;0.0;0;Keyboard Only;USB;Membrane
Logickeyboard Cinema 4D - Mac Astra;144,00;0;0.0;0;Keyboard Only;USB;Membrane
Logickeyboard Cinema 4D - Mac Astra;144,00;0;0.0;0;Keyboard Only;USB;Membrane
Logickeyboard Cinema 4D - PC Astra;144,00;0;0.0;0;Keyboard Only;USB;Membrane
Logickeyboard Cinema 4D - PC Astra;144,00;0;0.0;0;Keyboard Only;USB;Membrane
Logickeyboard Cubase Nuendo Astra;144,00;0;0.0;0;Keyboard Only;USB;Membrane
Logickeyboard Cubase Nuendo Astra;144,00;0;0.0;0;Keyboard Only;USB;Membrane
Logickeyboard Davinci Resolve 14 Astra;98,00;0;0.0;0;Keyboard Only;USB;Membrane
Logickeyboard Davinci Resolve 14 Astra;98,00;0;0.0;0;Keyboard Only;USB;Membrane
Logickeyboard Edius - PC Astra;142,00;0;0.0;0;Keyboard Only;USB;Membrane
Logickeyboard Edius - PC Astra;142,00;0;0.0;0;Keyboard Only;USB;Membrane
Logickeyboard Final Cut Pro X - Mac Astra;144,00;0;0.0;0;Keyboard Only;USB;Membrane
Logickeyboard Final Cut Pro X - Mac Astra;144,00;0;0.0;0;Keyboard Only;USB;Membrane
Logickeyboard Logic Pro X - Mac Astra;144,00;2;0.0;0;Keyboard Only;USB;Membrane
Logickeyboard Logic Pro X - Mac Astra;144,00;2;0.0;0;Keyboard Only;USB;Membrane
Logickeyboard Premiere Pro CC - PC Astra;142,00;0;0.0;0;Keyboard Only;USB;Membrane
Logickeyboard Premiere Pro CC - PC Astra;142,00;0;0.0;0;Keyboard Only;USB;Membrane
Logickeyboard Pro Tools - Mac Astra;144,00;2;0.0;0;Keyboard Only;USB;Membrane
Logickeyboard Pro Tools - Mac Astra;144,00;2;0.0;0;Keyboard Only;USB;Membrane
Logickeyboard Pro Tools - PC Astra;144,00;0;0.0;0;Keyboard Only;USB;Membrane
Logickeyboard Pro Tools - PC Astra;144,00;0;0.0;0;Keyboard Only;USB;Membrane
Logickeyboard Vegas Pro - PC Astra;144,00;0;0.0;0;Keyboard Only;USB;Membrane
Logickeyboard Vegas Pro - PC Astra;144,00;0;0.0;0;Keyboard Only;USB;Membrane
LogiLink Wireless Numeric Keypad with 18 Keys;12,03;4;0.0;0;Keyboard Only;USB;Membrane
LogiLink Wireless Numeric Keypad with 18 Keys;12,03;4;0.0;0;Keyboard Only;USB;Membrane
Logitech Advanced Combo Wireless Keyboard and Mouse;59,90;2;0.0;0;Keyboard and Mouse Set;USB;Membrane
Logitech Advanced Combo Wireless Keyboard and Mouse;59,90;2;0.0;0;Keyboard and Mouse Set;USB;Membrane
Logitech Combo MK345;59,00;0;4.0;1;Keyboard and Mouse Set;USB / Bluetooth;Membrane
Logitech Combo MK345;59,00;0;4.0;1;Keyboard and Mouse Set;USB / Bluetooth;Membrane
Logitech Comfort Wave MK570;105,00;0;5.0;1;Keyboard and Mouse Set;USB;Membrane
Logitech Comfort Wave MK570;105,00;0;5.0;1;Keyboard and Mouse Set;USB;Membrane
Logitech Craft Wireless Keyboard;196,80;14;4.0;13;Keyboard Only;Bluetooth / USB;Membrane
Logitech Craft Wireless Keyboard;196,80;14;4.0;13;Keyboard Only;Bluetooth / USB;Membrane
Logitech Desktop MK120;14,21;39;4.1;11;Keyboard and Mouse Set;USB;Membrane
Logitech Desktop MK120;14,21;39;4.1;11;Keyboard and Mouse Set;USB;Membrane
Logitech Illuminated Keyboard K740;88,10;11;5.0;3;Keyboard Only;USB;Membrane
Logitech Illuminated Keyboard K740;88,10;11;5.0;3;Keyboard Only;USB;Membrane
Logitech K120;10,14;47;4.4;46;Keyboard Only;USB;Membrane
Logitech K120;10,14;47;4.4;46;Keyboard Only;USB;Membrane
Logitech K360 Black;35,00;3;4.5;55;Keyboard Only;USB;Membrane
Logitech K360 Black;35,00;3;4.5;55;Keyboard Only;USB;Membrane
Logitech K375s Multi-Device;39,32;14;3.4;7;Keyboard Only;Bluetooth / USB;Membrane
Logitech K375s Multi-Device;39,32;14;3.4;7;Keyboard Only;Bluetooth / USB;Membrane
Logitech K380 Grey;44,00;13;4.7;39;Keyboard Only;Bluetooth;Membrane
Logitech K380 Grey;44,00;13;4.7;39;Keyboard Only;Bluetooth;Membrane
Logitech K380 Off-White;44,85;2;4.7;39;Keyboard Only;Bluetooth;Membrane
Logitech K380 Off-White;44,85;2;4.7;39;Keyboard Only;Bluetooth;Membrane
Logitech K380 Pink;49,90;2;4.7;39;Keyboard Only;Bluetooth;Membrane
Logitech K380 Pink;49,90;2;4.7;39;Keyboard Only;Bluetooth;Membrane
Logitech K400 Plus Black;33,90;43;4.3;62;Keyboard with Touchpad;USB;Membrane
Logitech K400 Plus Black;33,90;43;4.3;62;Keyboard with Touchpad;USB;Membrane
Logitech K400 Plus White;39,50;7;4.3;62;Keyboard with Touchpad;USB;Membrane
Logitech K400 Plus White;39,50;7;4.3;62;Keyboard with Touchpad;USB;Membrane
Logitech K400 Professional Wireless Touch Keyboard;32,00;4;4.5;2;Keyboard with Touchpad;USB;Membrane
Logitech K400 Professional Wireless Touch Keyboard;32,00;4;4.5;2;Keyboard with Touchpad;USB;Membrane
Logitech K480 Black;47,99;15;4.8;18;Keyboard Only;Bluetooth;Membrane
Logitech K480 Black;47,99;15;4.8;18;Keyboard Only;Bluetooth;Membrane
Logitech K480 White;48,00;7;4.8;18;Keyboard Only;Bluetooth;Membrane
Logitech K480 White;48,00;7;4.8;18;Keyboard Only;Bluetooth;Membrane
Logitech K600 TV;99,99;0;5.0;1;Keyboard with Touchpad;USB;Membrane
Logitech K600 TV;99,99;0;5.0;1;Keyboard with Touchpad;USB;Membrane
Logitech K780 Multi-Device;99,99;18;3.8;16;Keyboard Only;Bluetooth;Membrane
Logitech K780 Multi-Device;99,99;18;3.8;16;Keyboard Only;Bluetooth;Membrane
Logitech K830 Black;116,00;2;3.8;6;Keyboard with Touchpad;USB / Bluetooth;Membrane
Logitech K830 Black;116,00;2;3.8;6;Keyboard with Touchpad;USB / Bluetooth;Membrane
Logitech Keys-To-Go Black;89,00;0;4.0;1;Keyboard Only;Bluetooth;Membrane
Logitech Keys-To-Go Black;89,00;0;4.0;1;Keyboard Only;Bluetooth;Membrane
Logitech MK240 Nano Black;24,50;4;3.9;18;Keyboard and Mouse Set;USB;Membrane
Logitech MK240 Nano Black;24,50;4;3.9;18;Keyboard and Mouse Set;USB;Membrane
Logitech MK470 Graphite;46,93;10;4.3;4;Keyboard and Mouse Set;USB;Membrane
Logitech MK470 Graphite;46,93;10;4.3;4;Keyboard and Mouse Set;USB;Membrane
Logitech MK470 White;46,70;4;4.3;4;Keyboard and Mouse Set;USB;Membrane
Logitech MK470 White;46,70;4;4.3;4;Keyboard and Mouse Set;USB;Membrane
Logitech MK540 Advanced;62,41;11;4.0;4;Keyboard Only;USB;Membrane
Logitech MK540 Advanced;62,41;11;4.0;4;Keyboard Only;USB;Membrane
Logitech MK850 Performance;109,99;20;4.8;10;Keyboard and Mouse Set;USB;Membrane
Logitech MK850 Performance;109,99;20;4.8;10;Keyboard and Mouse Set;USB;Membrane
Logitech MX Keys;106,44;8;4.5;8;Keyboard Only;Bluetooth / USB;Membrane
Logitech MX Keys;106,44;8;4.5;8;Keyboard Only;Bluetooth / USB;Membrane
Logitech MX KEYS for Mac;109,99;2;0.0;0;Keyboard Only;Bluetooth / USB;Membrane
Logitech MX KEYS for Mac;109,99;2;0.0;0;Keyboard Only;Bluetooth / USB;Membrane
Logitech MX900 Performance Combo;178,73;10;0.0;0;Keyboard and Mouse Set;Bluetooth;Membrane
Logitech MX900 Performance Combo;178,73;10;0.0;0;Keyboard and Mouse Set;Bluetooth;Membrane
Logitech Wireless Combo MK220;23,00;42;4.1;134;Keyboard and Mouse Set;USB / Wireless;Membrane
Logitech Wireless Combo MK220;23,00;42;4.1;134;Keyboard and Mouse Set;USB / Wireless;Membrane
Logitech Wireless Combo MK235;20,23;34;3.1;27;Keyboard and Mouse Set;USB / Wireless;Membrane
Logitech Wireless Combo MK235;20,23;34;3.1;27;Keyboard and Mouse Set;USB / Wireless;Membrane
Logitech Wireless Combo MK270;27,99;30;4.2;57;Keyboard and Mouse Set;USB / Wireless;Membrane
Logitech Wireless Combo MK270;27,99;30;4.2;57;Keyboard and Mouse Set;USB / Wireless;Membrane
Logitech Wireless Combo MK330;38,00;30;3.5;11;Keyboard and Mouse Set;USB / Wireless;Membrane
Logitech Wireless Combo MK330;38,00;30;3.5;11;Keyboard and Mouse Set;USB / Wireless;Membrane
Logitech Wireless Desktop MK710;90,90;28;3.9;15;Keyboard and Mouse Set;USB / Wireless;Membrane
Logitech Wireless Desktop MK710;90,90;28;3.9;15;Keyboard and Mouse Set;USB / Wireless;Membrane
Logitech Wireless Illuminated Keyboard K800;99,99;16;4.3;22;Keyboard Only;USB / Wireless;Membrane
Logitech Wireless Illuminated Keyboard K800;99,99;16;4.3;22;Keyboard Only;USB / Wireless;Membrane
Logitech Wireless Keyboard K230;28,38;1;4.5;20;Keyboard Only;USB / Wireless;Membrane
Logitech Wireless Keyboard K230;28,38;1;4.5;20;Keyboard Only;USB / Wireless;Membrane
Logitech Wireless Keyboard K270;32,60;0;4.2;12;Keyboard Only;USB / Wireless;Membrane
Logitech Wireless Keyboard K270;32,60;0;4.2;12;Keyboard Only;USB / Wireless;Membrane
Logitech Wireless Keyboard K350;59,99;3;4.2;6;Keyboard Only;USB / Wireless;Membrane
Logitech Wireless Keyboard K350;59,99;3;4.2;6;Keyboard Only;USB / Wireless;Membrane
Logitech Wireless Solar Keyboard K750;89,00;2;4.8;4;Keyboard Only;USB / Wireless;Membrane
Logitech Wireless Solar Keyboard K750;89,00;2;4.8;4;Keyboard Only;USB / Wireless;Membrane
Logitech Wireless Solar Keyboard K750 White;89,00;0;4.8;4;Keyboard Only;USB / Wireless;Membrane
Logitech Wireless Solar Keyboard K750 White;89,00;0;4.8;4;Keyboard Only;USB / Wireless;Membrane
Logitech Wireless Wave Combo MK550;89,00;0;0.0;0;Keyboard and Mouse Set;USB / Wireless;Membrane
Logitech Wireless Wave Combo MK550;89,00;0;0.0;0;Keyboard and Mouse Set;USB / Wireless;Membrane
Macally Compact Space Gray USB Wired Keyboard;59,00;0;0.0;0;Keyboard Only;USB;Membrane
Macally Compact Space Gray USB Wired Keyboard;59,00;0;0.0;0;Keyboard Only;USB;Membrane
Marvo DCM001;15,70;11;3.0;1;Keyboard and Mouse Set;USB;Membrane
Marvo DCM001;15,70;11;3.0;1;Keyboard and Mouse Set;USB;Membrane
Matias Bluetooth Aluminum Keyboard Silver;83,25;0;0.0;0;Keyboard Only;Bluetooth;Membrane
Matias Bluetooth Aluminum Keyboard Silver;83,25;0;0.0;0;Keyboard Only;Bluetooth;Membrane
Matias RGB Backlit Wired Aluminum Tenkeyless Keyboard for Mac Space Gray;80,22;0;0.0;0;Keyboard Only;USB;Membrane
Matias RGB Backlit Wired Aluminum Tenkeyless Keyboard for Mac Space Gray;80,22;0;0.0;0;Keyboard Only;USB;Membrane
Matias Wired Aluminium Mac Keyboard;60,54;0;0.0;0;Keyboard Only;USB / Wireless;Membrane
Matias Wired Aluminium Mac Keyboard;60,54;0;0.0;0;Keyboard Only;USB / Wireless;Membrane
Matias Wired Aluminum Keyboard for Mac Space Gray;60,54;2;0.0;0;Keyboard Only;USB / Wireless;Membrane
Matias Wired Aluminum Keyboard for Mac Space Gray;60,54;2;0.0;0;Keyboard Only;USB / Wireless;Membrane
Matias Wired Aluminum Tenkeyless Keyboard for Mac Silver;46,99;2;0.0;0;Keyboard Only;USB / Wireless;Membrane
Matias Wired Aluminum Tenkeyless Keyboard for Mac Silver;46,99;2;0.0;0;Keyboard Only;USB / Wireless;Membrane
Matias Wireless Aluminum Keyboard Space Gray;82,84;2;0.0;0;Keyboard Only;USB / Wireless / Bluetooth;Membrane
Matias Wireless Aluminum Keyboard Space Gray;82,84;2;0.0;0;Keyboard Only;USB / Wireless / Bluetooth;Membrane
Matias Wireless Aluminum Tenkeyless Keyboard Silver;75,68;0;0.0;0;Keyboard Only;USB / Wireless / Bluetooth;Membrane
Matias Wireless Aluminum Tenkeyless Keyboard Silver;75,68;0;0.0;0;Keyboard Only;USB / Wireless / Bluetooth;Membrane
Matias Wireless Multi-Pairing Keyboard for Mac;60,24;0;0.0;0;Keyboard Only;USB / Wireless / Bluetooth;Membrane
Matias Wireless Multi-Pairing Keyboard for Mac;60,24;0;0.0;0;Keyboard Only;USB / Wireless / Bluetooth;Membrane
Measy GP800;19,00;0;3.0;1;Keyboard with Touchpad;USB;Membrane
Measy GP800;19,00;0;3.0;1;Keyboard with Touchpad;USB;Membrane
Measy RC8;24,00;0;0.0;0;Keyboard with Touchpad;USB;Membrane
Measy RC8;24,00;0;0.0;0;Keyboard with Touchpad;USB;Membrane
MediaRange MROS105;15,87;9;4.3;16;Keyboard and Mouse Set;USB;Membrane
MediaRange MROS105;15,87;9;4.3;16;Keyboard and Mouse Set;USB;Membrane
Media-Tech MT1421;17,90;6;1.0;1;Keyboard with Touchpad;USB;Membrane
Media-Tech MT1421;17,90;6;1.0;1;Keyboard with Touchpad;USB;Membrane
Microsoft All-in-One Media Keyboard;34,89;24;4.3;35;Keyboard with Touchpad;USB;Membrane
Microsoft All-in-One Media Keyboard;34,89;24;4.3;35;Keyboard with Touchpad;USB;Membrane
Microsoft Bluetooth Desktop;51,55;3;0.0;0;Keyboard and Mouse Set;Bluetooth;Membrane
Microsoft Bluetooth Desktop;51,55;3;0.0;0;Keyboard and Mouse Set;Bluetooth;Membrane
Microsoft Bluetooth Keyboard;46,06;3;0.0;0;Keyboard Only;Bluetooth;Membrane
Microsoft Bluetooth Keyboard;46,06;3;0.0;0;Keyboard Only;Bluetooth;Membrane
Microsoft Designer Bluetooth Desktop;83,75;14;4.0;4;Keyboard and Mouse Set;Bluetooth;Membrane
Microsoft Designer Bluetooth Desktop;83,75;14;4.0;4;Keyboard and Mouse Set;Bluetooth;Membrane
Microsoft Desktop 600 for Business;22,99;8;4.5;4;Keyboard and Mouse Set;USB;Membrane
Microsoft Desktop 600 for Business;22,99;8;4.5;4;Keyboard and Mouse Set;USB;Membrane
Microsoft Ergonomic Keyboard;95,00;0;0.0;0;Keyboard Only;USB;Membrane
Microsoft Ergonomic Keyboard;95,00;0;0.0;0;Keyboard Only;USB;Membrane
Microsoft Sculpt Comfort Desktop;47,99;46;4.1;15;Keyboard and Mouse Set;USB;Membrane
Microsoft Sculpt Comfort Desktop;47,99;46;4.1;15;Keyboard and Mouse Set;USB;Membrane
Microsoft Universal Foldable Keyboard;77,94;0;2.0;1;Keyboard Only;Bluetooth;Membrane
Microsoft Universal Foldable Keyboard;77,94;0;2.0;1;Keyboard Only;Bluetooth;Membrane
Microsoft Wired Desktop 600;22,25;26;4.6;5;Keyboard and Mouse Set;USB;Membrane
Microsoft Wired Desktop 600;22,25;26;4.6;5;Keyboard and Mouse Set;USB;Membrane
Microsoft Wired Keyboard 600 Black;13,50;30;3.9;37;Keyboard Only;USB;Membrane
Microsoft Wired Keyboard 600 Black;13,50;30;3.9;37;Keyboard Only;USB;Membrane
Microsoft Wired Keyboard 600 White;13,95;17;3.9;37;Keyboard Only;USB;Membrane
Microsoft Wired Keyboard 600 White;13,95;17;3.9;37;Keyboard Only;USB;Membrane
Microsoft Wireless Comfort Desktop 5050;59,87;14;4.2;12;Keyboard and Mouse Set;USB / Wireless;Membrane
Microsoft Wireless Comfort Desktop 5050;59,87;14;4.2;12;Keyboard and Mouse Set;USB / Wireless;Membrane
Microsoft Wireless Desktop 2000;39,50;10;3.6;16;Keyboard and Mouse Set;USB / Wireless;Membrane
Microsoft Wireless Desktop 2000;39,50;10;3.6;16;Keyboard and Mouse Set;USB / Wireless;Membrane
Microsoft Wireless Desktop 3050;49,30;19;3.7;18;Keyboard and Mouse Set;USB / Wireless;Membrane
Microsoft Wireless Desktop 3050;49,30;19;3.7;18;Keyboard and Mouse Set;USB / Wireless;Membrane
Microsoft Wireless Desktop 850;32,90;24;3.9;18;Keyboard and Mouse Set;USB / Wireless;Membrane
Microsoft Wireless Desktop 850;32,90;24;3.9;18;Keyboard and Mouse Set;USB / Wireless;Membrane
Microsoft Wireless Desktop 900;40,85;19;4.4;37;Keyboard and Mouse Set;USB / Wireless;Membrane
Microsoft Wireless Desktop 900;40,85;19;4.4;37;Keyboard and Mouse Set;USB / Wireless;Membrane
Microsoft Wireless Sculpt Ergonomic Desktop & Mouse;100,80;15;4.0;24;Keyboard and Mouse Set;USB / Wireless;Membrane
Microsoft Wireless Sculpt Ergonomic Desktop & Mouse;100,80;15;4.0;24;Keyboard and Mouse Set;USB / Wireless;Membrane
Mini Bluetooth Magnetic Foldable Black;30,69;8;2.7;3;Keyboard Only;Bluetooth;Membrane
Mini Bluetooth Magnetic Foldable Black;30,69;8;2.7;3;Keyboard Only;Bluetooth;Membrane
Minix Neo K1 Mini Touchpad;38,90;2;0.0;0;Keyboard with Touchpad;USB;Membrane
Minix Neo K1 Mini Touchpad;38,90;2;0.0;0;Keyboard with Touchpad;USB;Membrane
Minix Neo K2 Touchpad;43,00;3;0.0;0;Keyboard with Touchpad;USB;Membrane
Minix Neo K2 Touchpad;43,00;3;0.0;0;Keyboard with Touchpad;USB;Membrane
Mobilis B033 White;34,48;3;0.0;0;Keyboard Only;Bluetooth;Membrane
Mobilis B033 White;34,48;3;0.0;0;Keyboard Only;Bluetooth;Membrane
Mobilis BK3001 Silver;13,45;4;1.0;2;Keyboard Only;Bluetooth;Membrane
Mobilis BK3001 Silver;13,45;4;1.0;2;Keyboard Only;Bluetooth;Membrane
Mobilis Retro Black;27,14;5;5.0;1;Keyboard Only;USB;Membrane
Mobilis Retro Black;27,14;5;5.0;1;Keyboard Only;USB;Membrane
Mobilis Retro Red;26,49;7;5.0;1;Keyboard Only;USB;Membrane
Mobilis Retro Red;26,49;7;5.0;1;Keyboard Only;USB;Membrane
Mobilis RK908 Black;31,50;0;4.5;2;Keyboard Only;Bluetooth;Membrane
Mobilis RK908 Black;31,50;0;4.5;2;Keyboard Only;Bluetooth;Membrane
Mobilis RK908 Gold;23,90;2;4.5;2;Keyboard Only;Bluetooth;Membrane
Mobilis RK908 Gold;23,90;2;4.5;2;Keyboard Only;Bluetooth;Membrane
Mobilis RK908 Silver;25,50;12;4.5;2;Keyboard Only;Bluetooth;Membrane
Mobilis RK908 Silver;25,50;12;4.5;2;Keyboard Only;Bluetooth;Membrane
Modecom MC-700U;18,73;0;0.0;0;Keyboard Only;USB;Membrane
Modecom MC-700U;18,73;0;0.0;0;Keyboard Only;USB;Membrane
Motospeed S102;15,00;0;0.0;0;Keyboard with Touchpad;USB;Membrane
Motospeed S102;15,00;0;0.0;0;Keyboard with Touchpad;USB;Membrane
Natec Barracuda Slim;12,00;3;4.0;1;Keyboard Only;USB;Membrane
Natec Barracuda Slim;12,00;3;4.0;1;Keyboard Only;USB;Membrane
Natec NKL-0968;26,30;3;4.3;6;Keyboard with Touchpad;USB;Membrane
Natec NKL-0968;26,30;3;4.3;6;Keyboard with Touchpad;USB;Membrane
Natec NZB-1440;13,76;9;0.0;0;Keyboard and Mouse Set;USB;Membrane
Natec NZB-1440;13,76;9;0.0;0;Keyboard and Mouse Set;USB;Membrane
Natec Tetra Black/Grey;20,63;5;0.0;0;Keyboard and Mouse Set;USB;Membrane
Natec Tetra Black/Grey;20,63;5;0.0;0;Keyboard and Mouse Set;USB;Membrane
Natec Tetra Blue/White;28,50;1;0.0;0;Keyboard and Mouse Set;USB;Membrane
Natec Tetra Blue/White;28,50;1;0.0;0;Keyboard and Mouse Set;USB;Membrane
Natec Tetra White;28,50;1;0.0;0;Keyboard and Mouse Set;USB;Membrane
Natec Tetra White;28,50;1;0.0;0;Keyboard and Mouse Set;USB;Membrane
NGS Wired Set Cocoa Kit;24,40;3;0.0;0;Keyboard and Mouse Set;USB;Membrane
NGS Wired Set Cocoa Kit;24,40;3;0.0;0;Keyboard and Mouse Set;USB;Membrane
NOD ValuePro Wireless W-KMS-102;14,90;16;2.0;1;Keyboard and Mouse Set;USB / Wireless;Membrane
NOD ValuePro Wireless W-KMS-102;14,90;16;2.0;1;Keyboard and Mouse Set;USB / Wireless;Membrane
NOD W-KMS-101;14,90;0;4.3;3;Keyboard and Mouse Set;USB;Membrane
NOD W-KMS-101;14,90;0;4.3;3;Keyboard and Mouse Set;USB;Membrane
NOD W-KMS-103;14,90;13;4.0;1;Keyboard and Mouse Set;USB;Membrane
NOD W-KMS-103;14,90;13;4.0;1;Keyboard and Mouse Set;USB;Membrane
OEM WB-8099;15,00;2;0.0;0;Keyboard and Mouse Set;USB;Membrane
OEM WB-8099;15,00;2;0.0;0;Keyboard and Mouse Set;USB;Membrane
Omega OKB004B;25,00;3;0.0;0;Keyboard with Touchpad;USB;Membrane
Omega OKB004B;25,00;3;0.0;0;Keyboard with Touchpad;USB;Membrane
Omega OKM025 Set;12,00;0;0.0;0;Keyboard and Mouse Set;USB;Membrane
Omega OKM025 Set;12,00;0;0.0;0;Keyboard and Mouse Set;USB;Membrane
Omega OKM071B;12,00;11;0.0;0;Keyboard and Mouse Set;USB;Membrane
Omega OKM071B;12,00;11;0.0;0;Keyboard and Mouse Set;USB;Membrane
Omoton Ultra-Slim Bluetooth Keyboard;39,00;0;0.0;0;Keyboard Only;Bluetooth;Membrane
Omoton Ultra-Slim Bluetooth Keyboard;39,00;0;0.0;0;Keyboard Only;Bluetooth;Membrane
Philips SPT6103;22,00;4;4.6;9;Keyboard and Mouse Set;USB;Membrane
Philips SPT6103;22,00;4;4.6;9;Keyboard and Mouse Set;USB;Membrane
Philips SPT6214 Black;10,36;33;4.0;1;Keyboard and Mouse Set;USB;Membrane
Philips SPT6214 Black;10,36;33;4.0;1;Keyboard and Mouse Set;USB;Membrane
Philips SPT6354;10,41;37;3.8;6;Keyboard Only;USB;Membrane
Philips SPT6354;10,41;37;3.8;6;Keyboard Only;USB;Membrane
Powertech PT-185;12,88;14;2.0;1;Keyboard and Mouse Set;USB;Membrane
Powertech PT-185;12,88;14;2.0;1;Keyboard and Mouse Set;USB;Membrane
Powertech PT-186;24,90;0;2.5;12;Keyboard and Mouse Set;USB;Membrane
Powertech PT-186;24,90;0;2.5;12;Keyboard and Mouse Set;USB;Membrane
Powertech PT-189;14,89;0;4.7;3;Keyboard and Mouse Set;USB;Membrane
Powertech PT-189;14,89;0;4.7;3;Keyboard and Mouse Set;USB;Membrane
Powertech PT-191;12,99;2;2.5;2;Keyboard Only;USB;Membrane
Powertech PT-191;12,99;2;2.5;2;Keyboard Only;USB;Membrane
Powertech PT-680;17,70;3;3.7;3;Keyboard and Mouse Set;USB;Membrane
Powertech PT-680;17,70;3;3.7;3;Keyboard and Mouse Set;USB;Membrane
Powertech PT-696;13,27;45;3.3;3;Keyboard and Mouse Set;USB;Membrane
Powertech PT-696;13,27;45;3.3;3;Keyboard and Mouse Set;USB;Membrane
Powertech PT-913;14,82;43;4.3;4;Keyboard and Mouse Set;USB;Membrane
Powertech PT-913;14,82;43;4.3;4;Keyboard and Mouse Set;USB;Membrane
Powertech PT-914;13,95;40;0.0;0;Keyboard and Mouse Set;USB;Membrane
Powertech PT-914;13,95;40;0.0;0;Keyboard and Mouse Set;USB;Membrane
Powertech PT-915;13,18;48;0.0;0;Keyboard and Mouse Set;USB;Membrane
Powertech PT-915;13,18;48;0.0;0;Keyboard and Mouse Set;USB;Membrane
Promate SiriKeyboard;46,90;6;0.0;0;Keyboard Only;Bluetooth;Membrane
Promate SiriKeyboard;46,90;6;0.0;0;Keyboard Only;Bluetooth;Membrane
Proster PST006;21,74;8;0.0;0;Keyboard with Touchpad;USB;Membrane
Proster PST006;21,74;8;0.0;0;Keyboard with Touchpad;USB;Membrane
Q-812 Black;23,00;5;0.0;0;Keyboard Only;Bluetooth;Membrane
Q-812 Black;23,00;5;0.0;0;Keyboard Only;Bluetooth;Membrane
Q-812 Silver;23,00;2;0.0;0;Keyboard Only;Bluetooth;Membrane
Q-812 Silver;23,00;2;0.0;0;Keyboard Only;Bluetooth;Membrane
Qoltec Wireless Touchpad;31,90;24;0.0;0;Keyboard with Touchpad;USB / Wireless;Membrane
Qoltec Wireless Touchpad;31,90;24;0.0;0;Keyboard with Touchpad;USB / Wireless;Membrane
Q-Tech KBQ-2030;12,90;3;0.0;0;Keyboard Only;USB;Membrane
Q-Tech KBQ-2030;12,90;3;0.0;0;Keyboard Only;USB;Membrane
Rapoo 8000;20,00;0;0.0;0;Keyboard and Mouse Set;USB;Membrane
Rapoo 8000;20,00;0;0.0;0;Keyboard and Mouse Set;USB;Membrane
Rapoo 8060;20,00;0;0.0;0;Keyboard and Mouse Set;USB;Membrane
Rapoo 8060;20,00;0;0.0;0;Keyboard and Mouse Set;USB;Membrane
Raspberry Pi Keyboard White;18,90;3;0.0;0;Keyboard Only;USB;Membrane
Raspberry Pi Keyboard White;18,90;3;0.0;0;Keyboard Only;USB;Membrane
Rebeltec Elegance;16,98;3;3.0;1;Keyboard Only;USB;Membrane
Rebeltec Elegance;16,98;3;3.0;1;Keyboard Only;USB;Membrane
Rebeltec Millenium;15,00;4;4.0;4;Keyboard and Mouse Set;USB;Membrane
Rebeltec Millenium;15,00;4;4.0;4;Keyboard and Mouse Set;USB;Membrane
Rebeltec Portal;14,50;0;0.0;0;Keyboard Only;USB;Membrane
Rebeltec Portal;14,50;0;0.0;0;Keyboard Only;USB;Membrane
Rebeltec Pure;17,90;0;3.0;2;Keyboard and Mouse Set;USB;Membrane
Rebeltec Pure;17,90;0;3.0;2;Keyboard and Mouse Set;USB;Membrane
Rebeltec Vertex;16,70;0;0.0;0;Keyboard and Mouse Set;USB;Membrane
Rebeltec Vertex;16,70;0;0.0;0;Keyboard and Mouse Set;USB;Membrane
Rebeltec Vortex;14,40;0;0.0;0;Keyboard and Mouse Set;USB;Membrane
Rebeltec Vortex;14,40;0;0.0;0;Keyboard and Mouse Set;USB;Membrane
Rebeltec Whiterun Set;17,50;9;0.0;0;Keyboard and Mouse Set;Bluetooth / USB;Membrane
Rebeltec Whiterun Set;17,50;9;0.0;0;Keyboard and Mouse Set;Bluetooth / USB;Membrane
Remax Jinyin MK601;29,90;2;0.0;0;Keyboard and Mouse Set;Bluetooth / USB;Membrane
Remax Jinyin MK601;29,90;2;0.0;0;Keyboard and Mouse Set;Bluetooth / USB;Membrane
R-Go Tools Goldtouch Adjustable Keyboard V2;189,25;0;0.0;0;Keyboard Only;USB;Membrane
R-Go Tools Goldtouch Adjustable Keyboard V2;189,25;0;0.0;0;Keyboard Only;USB;Membrane
R-Horse FC-5166;17,00;0;0.0;0;Keyboard and Mouse Set;USB;Membrane
R-Horse FC-5166;17,00;0;0.0;0;Keyboard and Mouse Set;USB;Membrane
R-Horse RF-8801 Gold;18,40;5;2.8;4;Keyboard and Mouse Set;USB;Membrane
R-Horse RF-8801 Gold;18,40;5;2.8;4;Keyboard and Mouse Set;USB;Membrane
R-Horse RF-8801 Silver;18,40;3;2.8;4;Keyboard and Mouse Set;USB;Membrane
R-Horse RF-8801 Silver;18,40;3;2.8;4;Keyboard and Mouse Set;USB;Membrane
Riitek i28;36,15;0;4.0;1;Keyboard with Touchpad;USB;Membrane
Riitek i28;36,15;0;4.0;1;Keyboard with Touchpad;USB;Membrane
Riitek i8;17,50;6;4.2;112;Keyboard with Touchpad;USB;Membrane
Riitek i8;17,50;6;4.2;112;Keyboard with Touchpad;USB;Membrane
Riitek K12;29,90;3;0.0;0;Keyboard with Touchpad;USB;Membrane
Riitek K12;29,90;3;0.0;0;Keyboard with Touchpad;USB;Membrane
Riitek K22;32,93;5;0.0;0;Keyboard with Touchpad;USB;Membrane
Riitek K22;32,93;5;0.0;0;Keyboard with Touchpad;USB;Membrane
Riitek Mini i15;38,36;0;0.0;0;Keyboard with Touchpad;USB;Membrane
Riitek Mini i15;38,36;0;0.0;0;Keyboard with Touchpad;USB;Membrane
Riitek Mini k18+;37,90;2;5.0;2;Keyboard with Touchpad;USB;Membrane
Riitek Mini k18+;37,90;2;5.0;2;Keyboard with Touchpad;USB;Membrane
Riitek Mini Wireless Keyboard i10;44,00;0;4.0;2;Keyboard with Touchpad;USB / Wireless;Membrane
Riitek Mini Wireless Keyboard i10;44,00;0;4.0;2;Keyboard with Touchpad;USB / Wireless;Membrane
Riitek Mini Wireless Keyboard K01 V3;19,50;4;0.0;0;Keyboard with Touchpad;USB / Wireless;Membrane
Riitek Mini Wireless Keyboard K01 V3;19,50;4;0.0;0;Keyboard with Touchpad;USB / Wireless;Membrane
Riitek mini X1;19,90;12;5.0;5;Keyboard with Touchpad;USB;Membrane
Riitek mini X1;19,90;12;5.0;5;Keyboard with Touchpad;USB;Membrane
Riitek Rii i4;27,00;2;4.7;9;Keyboard with Touchpad;Bluetooth;Membrane
Riitek Rii i4;27,00;2;4.7;9;Keyboard with Touchpad;Bluetooth;Membrane
Riitek Rii i5;36,90;0;0.0;0;Keyboard with Touchpad;USB / Bluetooth;Membrane
Riitek Rii i5;36,90;0;0.0;0;Keyboard with Touchpad;USB / Bluetooth;Membrane
Riitek Rii i8X;27,00;5;4.4;11;Keyboard Only;USB;Membrane
Riitek Rii i8X;27,00;5;4.4;11;Keyboard Only;USB;Membrane
Riitek Rii K12+;34,00;0;5.0;1;Keyboard with Touchpad;USB;Membrane
Riitek Rii K12+;34,00;0;5.0;1;Keyboard with Touchpad;USB;Membrane
Riitek Rii K16;115,00;0;0.0;0;Keyboard with Touchpad;Bluetooth / USB;Membrane
Riitek Rii K16;115,00;0;0.0;0;Keyboard with Touchpad;Bluetooth / USB;Membrane
Riitek Rii mini H9S;13,79;6;0.0;0;Keyboard with Touchpad;USB;Membrane
Riitek Rii mini H9S;13,79;6;0.0;0;Keyboard with Touchpad;USB;Membrane
Riitek Rii mini i12;39,32;2;4.0;1;Keyboard with Touchpad;USB;Membrane
Riitek Rii mini i12;39,32;2;4.0;1;Keyboard with Touchpad;USB;Membrane
Riitek Rii mini i8+ Black;26,90;0;4.5;18;Keyboard with Touchpad;USB;Membrane
Riitek Rii mini i8+ Black;26,90;0;4.5;18;Keyboard with Touchpad;USB;Membrane
Riitek Rii mini K12;33,50;2;4.3;3;Keyboard with Touchpad;USB / Bluetooth;Membrane
Riitek Rii mini K12;33,50;2;4.3;3;Keyboard with Touchpad;USB / Bluetooth;Membrane
Riitek Rii RK901;29,00;0;0.0;0;Keyboard Only;USB;Membrane
Riitek Rii RK901;29,00;0;0.0;0;Keyboard Only;USB;Membrane
Riitek RT725;44,00;0;0.0;0;Keyboard Only;USB;Membrane
Riitek RT725;44,00;0;0.0;0;Keyboard Only;USB;Membrane
Roline Numeric Keyboard USB Black;10,78;2;0.0;0;Keyboard Only;USB;Membrane
Roline Numeric Keyboard USB Black;10,78;2;0.0;0;Keyboard Only;USB;Membrane
Roline Numeric Keyboard USB Silver;10,78;2;0.0;0;Keyboard Only;USB;Membrane
Roline Numeric Keyboard USB Silver;10,78;2;0.0;0;Keyboard Only;USB;Membrane
Sandberg Bluetooth Numeric Keypad;39,70;247;0.0;0;Keyboard Only;Bluetooth;Membrane
Sandberg Bluetooth Numeric Keypad;39,70;247;0.0;0;Keyboard Only;Bluetooth;Membrane
Sandberg Bluetooth Touchpad Keyboard;47,90;2;3.0;1;Keyboard with Touchpad;Bluetooth;Membrane
Sandberg Bluetooth Touchpad Keyboard;47,90;2;3.0;1;Keyboard with Touchpad;Bluetooth;Membrane
Sandberg Nor;22,30;247;0.0;0;Keyboard and Mouse Set;USB;Membrane
Sandberg Nor;22,30;247;0.0;0;Keyboard and Mouse Set;USB;Membrane
Sandberg Nord;13,60;247;0.0;0;Keyboard Only;USB;Membrane
Sandberg Nord;13,60;247;0.0;0;Keyboard Only;USB;Membrane
Sandberg StreamBoard;33,39;24;0.0;0;Keyboard with Touchpad;USB / Bluetooth;Membrane
Sandberg StreamBoard;33,39;24;0.0;0;Keyboard with Touchpad;USB / Bluetooth;Membrane
Sandberg Streamboard Nordic;66,95;24;0.0;0;Keyboard with Touchpad;USB;Membrane
Sandberg Streamboard Nordic;66,95;24;0.0;0;Keyboard with Touchpad;USB;Membrane
Sandberg Wired Numeric Keypad;11,99;247;0.0;0;Keyboard Only;USB;Membrane
Sandberg Wired Numeric Keypad;11,99;247;0.0;0;Keyboard Only;USB;Membrane
Sandberg Wireless Numeric Keypad 2;16,90;3;4.5;2;Keyboard Only;USB / Wireless;Membrane
Sandberg Wireless Numeric Keypad 2;16,90;3;4.5;2;Keyboard Only;USB / Wireless;Membrane
Sandberg Wireless Office DesktopSet UK;42,15;24;0.0;0;Keyboard and Mouse Set;USB / Wireless;Membrane
Sandberg Wireless Office DesktopSet UK;42,15;24;0.0;0;Keyboard and Mouse Set;USB / Wireless;Membrane
Sansun SN-322;42,00;0;0.0;0;Keyboard and Mouse Set;USB;Membrane
Sansun SN-322;42,00;0;0.0;0;Keyboard and Mouse Set;USB;Membrane
Satechi Aluminum Bluetooth Keyboard Space Gray;79,90;4;3.0;2;Keyboard Only;Bluetooth;Membrane
Satechi Aluminum Bluetooth Keyboard Space Gray;79,90;4;3.0;2;Keyboard Only;Bluetooth;Membrane
Satechi Aluminum Wired USB Keyboard for Apple;69,90;0;0.0;0;Keyboard Only;USB;Membrane
Satechi Aluminum Wired USB Keyboard for Apple;69,90;0;0.0;0;Keyboard Only;USB;Membrane
Satechi Compact Backlit;79,99;0;0.0;0;Keyboard Only;Bluetooth;Membrane
Satechi Compact Backlit;79,99;0;0.0;0;Keyboard Only;Bluetooth;Membrane
Savio KW-01;14,16;1;3.0;1;Keyboard with Touchpad;USB;Membrane
Savio KW-01;14,16;1;3.0;1;Keyboard with Touchpad;USB;Membrane
Savio KW-02;13,86;2;0.0;0;Keyboard with Touchpad;USB;Membrane
Savio KW-02;13,86;2;0.0;0;Keyboard with Touchpad;USB;Membrane
Savio KW-03;14,02;2;0.0;0;Keyboard with Touchpad;USB;Membrane
Savio KW-03;14,02;2;0.0;0;Keyboard with Touchpad;USB;Membrane
Sbox BT-05;13,45;2;0.0;0;Keyboard Only;Bluetooth;Membrane
Sbox BT-05;13,45;2;0.0;0;Keyboard Only;Bluetooth;Membrane
Seenda IS11-BT05R;59,00;0;0.0;0;Keyboard with Touchpad;USB;Membrane
Seenda IS11-BT05R;59,00;0;0.0;0;Keyboard with Touchpad;USB;Membrane
Silicone Keyboard Î›ÎµÏ…ÎºÏŒ;13,99;0;0.0;0;Keyboard Only;USB;Membrane
Silicone Keyboard Î›ÎµÏ…ÎºÏŒ;13,99;0;0.0;0;Keyboard Only;USB;Membrane
Targus Numeric Keypad;15,00;2;0.0;0;Keyboard Only;USB;Membrane
Targus Numeric Keypad;15,00;2;0.0;0;Keyboard Only;USB;Membrane
Tellur Wireless Keyboard And Mouse Kit;19,90;0;0.0;0;Keyboard and Mouse Set;USB;Membrane
Tellur Wireless Keyboard And Mouse Kit;19,90;0;0.0;0;Keyboard and Mouse Set;USB;Membrane
Touchglobal K06;17,00;2;0.0;0;Keyboard and Mouse Set;Bluetooth / Dock;Membrane
Touchglobal K06;17,00;2;0.0;0;Keyboard and Mouse Set;Bluetooth / Dock;Membrane
Tracer Cinnabar RF;20,00;0;0.0;0;Keyboard and Mouse Set;USB;Membrane
Tracer Cinnabar RF;20,00;0;0.0;0;Keyboard and Mouse Set;USB;Membrane
Tracer Eureka TRK-325;24,90;0;0.0;0;Keyboard Only;Bluetooth;Membrane
Tracer Eureka TRK-325;24,90;0;0.0;0;Keyboard Only;Bluetooth;Membrane
Tracer Keybox II RF Nano;13,00;0;0.0;0;Keyboard and Mouse Set;USB;Membrane
Tracer Keybox II RF Nano;13,00;0;0.0;0;Keyboard and Mouse Set;USB;Membrane
Tracer Luster;15,30;3;0.0;0;Keyboard Only;USB;Membrane
Tracer Luster;15,30;3;0.0;0;Keyboard Only;USB;Membrane
Tracer Mecano;24,17;0;1.0;1;Keyboard Only;USB;Membrane
Tracer Mecano;24,17;0;1.0;1;Keyboard Only;USB;Membrane
Tracer Octavia II Nano;13,02;3;5.0;1;Keyboard and Mouse Set;USB;Membrane
Tracer Octavia II Nano;13,02;3;5.0;1;Keyboard and Mouse Set;USB;Membrane
Trust ClassicLine;10,06;2;0.0;0;Keyboard Only;USB;Membrane
Trust ClassicLine;10,06;2;0.0;0;Keyboard Only;USB;Membrane
Trust Classicline Wired Keyboard and Mouse;13,67;6;3.5;2;Keyboard and Mouse Set;USB;Membrane
Trust Classicline Wired Keyboard and Mouse;13,67;6;3.5;2;Keyboard and Mouse Set;USB;Membrane
Trust Muto Silent;10,48;4;4.2;5;Keyboard Only;USB;Membrane
Trust Muto Silent;10,48;4;4.2;5;Keyboard Only;USB;Membrane
Trust Nado;22,60;14;3.4;9;Keyboard Only;Bluetooth;Membrane
Trust Nado;22,60;14;3.4;9;Keyboard Only;Bluetooth;Membrane
Trust Nova;16,50;16;0.0;0;Keyboard and Mouse Set;USB;Membrane
Trust Nova;16,50;16;0.0;0;Keyboard and Mouse Set;USB;Membrane
Trust Vaia;27,67;0;0.0;0;Keyboard with Touchpad;USB;Membrane
Trust Vaia;27,67;0;0.0;0;Keyboard with Touchpad;USB;Membrane
Trust Veza;24,99;7;2.0;2;Keyboard with Touchpad;USB;Membrane
Trust Veza;24,99;7;2.0;2;Keyboard with Touchpad;USB;Membrane
Trust Ximo;17,00;4;0.0;0;Keyboard and Mouse Set;USB;Membrane
Trust Ximo;17,00;4;0.0;0;Keyboard and Mouse Set;USB;Membrane
Turbo-X DW-1000;14,90;0;0.0;0;Keyboard Only;USB;Membrane
Turbo-X DW-1000;14,90;0;0.0;0;Keyboard Only;USB;Membrane
Turbo-X DW-600;11,90;0;0.0;0;Keyboard Only;USB;Membrane
Turbo-X DW-600;11,90;0;0.0;0;Keyboard Only;USB;Membrane
Turbo-X DWC 6000;14,90;0;0.0;0;Keyboard and Mouse Set;USB;Membrane
Turbo-X DWC 6000;14,90;0;0.0;0;Keyboard and Mouse Set;USB;Membrane
Turbo-X DWC 8000;17,90;0;0.0;0;Keyboard and Mouse Set;USB;Membrane
Turbo-X DWC 8000;17,90;0;0.0;0;Keyboard and Mouse Set;USB;Membrane
Turbo-X DWLC 6100;17,90;0;0.0;0;Keyboard and Mouse Set;USB;Membrane
Turbo-X DWLC 6100;17,90;0;0.0;0;Keyboard and Mouse Set;USB;Membrane
Turbo-X DWLC 9100;22,90;0;0.0;0;Keyboard and Mouse Set;USB;Membrane
Turbo-X DWLC 9100;22,90;0;0.0;0;Keyboard and Mouse Set;USB;Membrane
Turbo-X MC 110;17,90;0;0.0;0;Keyboard and Mouse Set;USB;Membrane
Turbo-X MC 110;17,90;0;0.0;0;Keyboard and Mouse Set;USB;Membrane
Turbo-X MC 110 Blue;17,90;0;0.0;0;Keyboard and Mouse Set;USB;Membrane
Turbo-X MC 110 Blue;17,90;0;0.0;0;Keyboard and Mouse Set;USB;Membrane
Turbo-X MC 110 Red;12,90;0;5.0;1;Keyboard and Mouse Set;USB;Membrane
Turbo-X MC 110 Red;12,90;0;5.0;1;Keyboard and Mouse Set;USB;Membrane
Turbo-X Miro;19,90;0;0.0;0;Keyboard and Mouse Set;USB;Membrane
Turbo-X Miro;19,90;0;0.0;0;Keyboard and Mouse Set;USB;Membrane
Turbo-X SMRT-400;24,90;0;0.0;0;Keyboard with Touchpad;USB;Membrane
Turbo-X SMRT-400;24,90;0;0.0;0;Keyboard with Touchpad;USB;Membrane
Turbo-X T 400;29,90;0;0.0;0;Keyboard with Touchpad;USB;Membrane
Turbo-X T 400;29,90;0;0.0;0;Keyboard with Touchpad;USB;Membrane
uGo 4in1 Office Set;17,90;2;1.0;1;Keyboard and Mouse Set;USB;Membrane
uGo 4in1 Office Set;17,90;2;1.0;1;Keyboard and Mouse Set;USB;Membrane
UKB-500 Keyboard;13,90;2;0.0;0;Keyboard with Touchpad;USB;Membrane
UKB-500 Keyboard;13,90;2;0.0;0;Keyboard with Touchpad;USB;Membrane
Universal Foldable Gold;20,00;4;3.0;1;Keyboard Only;Bluetooth;Membrane
Universal Foldable Gold;20,00;4;3.0;1;Keyboard Only;Bluetooth;Membrane
Universal Foldable Rose Gold;23,98;2;0.0;0;Keyboard Only;Bluetooth;Membrane
Universal Foldable Rose Gold;23,98;2;0.0;0;Keyboard Only;Bluetooth;Membrane
Universal Foldable Silver;21,20;2;0.0;0;Keyboard Only;Bluetooth;Membrane
Universal Foldable Silver;21,20;2;0.0;0;Keyboard Only;Bluetooth;Membrane
Vakoss TK-525BK;32,00;2;0.0;0;Keyboard with Touchpad;USB;Membrane
Vakoss TK-525BK;32,00;2;0.0;0;Keyboard with Touchpad;USB;Membrane
Viboton i8 Plus;16,70;2;0.0;0;Keyboard with Touchpad;Bluetooth;Membrane
Viboton i8 Plus;16,70;2;0.0;0;Keyboard with Touchpad;Bluetooth;Membrane
Viboton i8 Plus Mini;14,90;0;0.0;0;Keyboard with Touchpad;Bluetooth;Membrane
Viboton i8 Plus Mini;14,90;0;0.0;0;Keyboard with Touchpad;Bluetooth;Membrane
Viboton S1;23,85;0;4.0;1;Keyboard Only;USB;Membrane
Viboton S1;23,85;0;4.0;1;Keyboard Only;USB;Membrane
Visiontek CandyBoard Wireless;59,00;0;0.0;0;Keyboard with Touchpad;USB / Wireless;Membrane
Visiontek CandyBoard Wireless;59,00;0;0.0;0;Keyboard with Touchpad;USB / Wireless;Membrane
Weibo WB-560;14,30;0;0.0;0;Keyboard Only;USB;Membrane
Weibo WB-560;14,30;0;0.0;0;Keyboard Only;USB;Membrane
Weibo WB-8011;16,20;3;0.0;0;Keyboard and Mouse Set;USB;Membrane
Weibo WB-8011;16,20;3;0.0;0;Keyboard and Mouse Set;USB;Membrane
Weibo WB-8012;13,79;7;0.0;0;Keyboard and Mouse Set;USB;Membrane
Weibo WB-8012;13,79;7;0.0;0;Keyboard and Mouse Set;USB;Membrane
Weibo WB-8033;13,10;2;0.0;0;Keyboard and Mouse Set;USB;Membrane
Weibo WB-8033;13,10;2;0.0;0;Keyboard and Mouse Set;USB;Membrane
Weibo WB-8068;12,94;7;2.8;8;Keyboard and Mouse Set;USB;Membrane
Weibo WB-8068;12,94;7;2.8;8;Keyboard and Mouse Set;USB;Membrane
Xcellon KW-A300B;49,00;0;0.0;0;Keyboard Only;USB;Membrane
Xcellon KW-A300B;49,00;0;0.0;0;Keyboard Only;USB;Membrane
Xiaomi MIIIW Black;31,55;4;4.0;4;Keyboard and Mouse Set;USB;Membrane
Xiaomi MIIIW Black;31,55;4;4.0;4;Keyboard and Mouse Set;USB;Membrane
Xiaomi MIIIW MWBK01 Black;58,70;0;5.0;1;Keyboard Only;Bluetooth;Membrane
Xiaomi MIIIW MWBK01 Black;58,70;0;5.0;1;Keyboard Only;Bluetooth;Membrane
Xiaomi MIIIW MWBK01 White;57,90;2;5.0;1;Keyboard Only;Bluetooth;Membrane
Xiaomi MIIIW MWBK01 White;57,90;2;5.0;1;Keyboard Only;Bluetooth;Membrane
Xiaomi MIIIW White;31,55;4;4.0;4;Keyboard and Mouse Set;USB;Membrane
Xiaomi MIIIW White;31,55;4;4.0;4;Keyboard and Mouse Set;USB;Membrane
Xiaomi Wireless Keyboard And Mouse Set;28,90;2;0.0;0;Keyboard and Mouse Set;Bluetooth / Wireless;Membrane
Xiaomi Wireless Keyboard And Mouse Set;28,90;2;0.0;0;Keyboard and Mouse Set;Bluetooth / Wireless;Membrane
XtremeMac Bluetooth Numpad Calculator;69,23;8;0.0;0;Keyboard Only;Bluetooth;Membrane
XtremeMac Bluetooth Numpad Calculator;69,23;8;0.0;0;Keyboard Only;Bluetooth;Membrane
Yenkee YKB 1002CS;10,00;0;0.0;0;Keyboard Only;USB;Membrane
Yenkee YKB 1002CS;10,00;0;0.0;0;Keyboard Only;USB;Membrane
Yenkee YKM 2006US;22,90;3;0.0;0;Keyboard and Mouse Set;USB;Membrane
Yenkee YKM 2006US;22,90;3;0.0;0;Keyboard and Mouse Set;USB;Membrane
Yenkee YKM 2007CS;39,00;0;0.0;0;Keyboard and Mouse Set;USB;Membrane
Yenkee YKM 2007CS;39,00;0;0.0;0;Keyboard and Mouse Set;USB;Membrane
Zagg Tri Fold;89,90;0;0.0;0;Keyboard Only;Bluetooth;Membrane
Zagg Tri Fold;89,90;0;0.0;0;Keyboard Only;Bluetooth;Membrane
Zagg ZLTKBW-BB0;59,90;2;0.0;0;Keyboard Only;Lightning;Membrane
